,ANIO,MES,LOCALIDAD,COD_UPZ,Cluster
0,2020,1,ANTONIO NARIÃ‘O,35,1
1,2020,1,ANTONIO NARIÃ‘O,38,1
2,2020,1,BARRIOS UNIDOS,103,1
3,2020,1,BARRIOS UNIDOS,21,1
4,2020,1,BARRIOS UNIDOS,22,1
5,2020,1,BARRIOS UNIDOS,98,2
6,2020,1,BOSA,49,1
7,2020,1,BOSA,84,1
8,2020,1,BOSA,85,1
9,2020,1,BOSA,86,1
10,2020,1,CANDELARIA,94,1
11,2020,1,CHAPINERO,88,1
12,2020,1,CHAPINERO,90,1
13,2020,1,CHAPINERO,97,2
14,2020,1,CHAPINERO,99,2
15,2020,1,KENNEDY,113,1
16,2020,1,KENNEDY,44,1
17,2020,1,KENNEDY,46,2
18,2020,1,KENNEDY,48,1
19,2020,1,KENNEDY,79,2
20,2020,1,KENNEDY,81,1
21,2020,1,PUENTE ARANDA,108,1
22,2020,1,PUENTE ARANDA,111,1
23,2020,1,PUENTE ARANDA,40,0
24,2020,1,PUENTE ARANDA,41,1
25,2020,1,RAFAEL URIBE URIBE,39,1
26,2020,1,RAFAEL URIBE URIBE,53,1
27,2020,1,RAFAEL URIBE URIBE,54,0
28,2020,1,SANTA FE,91,2
29,2020,1,SANTA FE,93,1
30,2020,1,SUBA,UPR1,1
31,2020,1,SUBA,17,1
32,2020,1,SUBA,18,2
33,2020,1,SUBA,19,2
34,2020,1,SUBA,2,1
35,2020,1,SUBA,20,1
36,2020,1,SUBA,23,2
37,2020,1,SUBA,24,2
38,2020,1,SUBA,25,1
39,2020,1,SUBA,27,1
40,2020,1,SUBA,28,1
41,2020,1,SUBA,3,0
42,2020,1,SUBA,71,1
43,2020,1,TEUSAQUILLO,100,2
44,2020,1,TEUSAQUILLO,101,1
45,2020,1,TEUSAQUILLO,106,1
46,2020,1,TEUSAQUILLO,107,2
47,2020,1,TUNJUELITO,42,1
48,2020,1,TUNJUELITO,62,1
49,2020,1,USAQUÃ‰N,10,0
50,2020,1,USAQUÃ‰N,11,1
51,2020,1,USAQUÃ‰N,12,1
52,2020,1,USAQUÃ‰N,13,2
53,2020,1,USAQUÃ‰N,14,2
54,2020,1,USAQUÃ‰N,15,1
55,2020,1,USAQUÃ‰N,16,2
56,2020,1,USAQUÃ‰N,9,1
57,2020,1,USME,56,1
58,2020,1,USME,57,1
59,2020,1,USME,58,1
60,2020,1,USME,61,1
61,2020,2,ANTONIO NARIÃ‘O,35,1
62,2020,2,ANTONIO NARIÃ‘O,38,1
63,2020,2,BARRIOS UNIDOS,103,1
64,2020,2,BARRIOS UNIDOS,21,1
65,2020,2,BARRIOS UNIDOS,22,1
66,2020,2,BARRIOS UNIDOS,98,1
67,2020,2,BOSA,49,1
68,2020,2,BOSA,84,1
69,2020,2,BOSA,85,1
70,2020,2,BOSA,86,1
71,2020,2,CANDELARIA,94,1
72,2020,2,CHAPINERO,88,1
73,2020,2,CHAPINERO,90,1
74,2020,2,CHAPINERO,97,2
75,2020,2,CHAPINERO,99,2
76,2020,2,KENNEDY,113,1
77,2020,2,KENNEDY,44,1
78,2020,2,KENNEDY,46,2
79,2020,2,KENNEDY,48,1
80,2020,2,KENNEDY,79,2
81,2020,2,KENNEDY,81,1
82,2020,2,PUENTE ARANDA,108,1
83,2020,2,PUENTE ARANDA,111,1
84,2020,2,PUENTE ARANDA,40,0
85,2020,2,PUENTE ARANDA,41,1
86,2020,2,RAFAEL URIBE URIBE,39,1
87,2020,2,RAFAEL URIBE URIBE,53,1
88,2020,2,RAFAEL URIBE URIBE,54,0
89,2020,2,SANTA FE,91,2
90,2020,2,SANTA FE,93,1
91,2020,2,SUBA,UPR1,1
92,2020,2,SUBA,17,1
93,2020,2,SUBA,18,2
94,2020,2,SUBA,19,2
95,2020,2,SUBA,2,1
96,2020,2,SUBA,20,1
97,2020,2,SUBA,23,2
98,2020,2,SUBA,24,2
99,2020,2,SUBA,25,1
100,2020,2,SUBA,27,1
101,2020,2,SUBA,28,1
102,2020,2,SUBA,3,2
103,2020,2,SUBA,71,1
104,2020,2,TEUSAQUILLO,100,2
105,2020,2,TEUSAQUILLO,101,1
106,2020,2,TEUSAQUILLO,106,1
107,2020,2,TEUSAQUILLO,107,2
108,2020,2,TUNJUELITO,42,1
109,2020,2,TUNJUELITO,62,1
110,2020,2,USAQUÃ‰N,10,2
111,2020,2,USAQUÃ‰N,11,1
112,2020,2,USAQUÃ‰N,12,1
113,2020,2,USAQUÃ‰N,13,2
114,2020,2,USAQUÃ‰N,14,2
115,2020,2,USAQUÃ‰N,15,1
116,2020,2,USAQUÃ‰N,16,2
117,2020,2,USAQUÃ‰N,9,1
118,2020,2,USME,56,1
119,2020,2,USME,57,1
120,2020,2,USME,58,1
121,2020,2,USME,61,0
122,2020,3,ANTONIO NARIÃ‘O,35,1
123,2020,3,ANTONIO NARIÃ‘O,38,1
124,2020,3,BARRIOS UNIDOS,103,1
125,2020,3,BARRIOS UNIDOS,21,1
126,2020,3,BARRIOS UNIDOS,22,1
127,2020,3,BARRIOS UNIDOS,98,1
128,2020,3,BOSA,49,1
129,2020,3,BOSA,84,1
130,2020,3,BOSA,85,1
131,2020,3,BOSA,86,1
132,2020,3,CANDELARIA,94,1
133,2020,3,CHAPINERO,88,1
134,2020,3,CHAPINERO,90,1
135,2020,3,CHAPINERO,97,2
136,2020,3,CHAPINERO,99,2
137,2020,3,KENNEDY,113,1
138,2020,3,KENNEDY,44,2
139,2020,3,KENNEDY,46,2
140,2020,3,KENNEDY,48,1
141,2020,3,KENNEDY,79,2
142,2020,3,PUENTE ARANDA,108,1
143,2020,3,PUENTE ARANDA,111,1
144,2020,3,PUENTE ARANDA,40,0
145,2020,3,PUENTE ARANDA,41,1
146,2020,3,RAFAEL URIBE URIBE,39,1
147,2020,3,RAFAEL URIBE URIBE,53,1
148,2020,3,RAFAEL URIBE URIBE,54,1
149,2020,3,SANTA FE,91,2
150,2020,3,SANTA FE,93,1
151,2020,3,SUBA,UPR1,1
152,2020,3,SUBA,17,1
153,2020,3,SUBA,18,2
154,2020,3,SUBA,19,1
155,2020,3,SUBA,2,1
156,2020,3,SUBA,20,1
157,2020,3,SUBA,23,2
158,2020,3,SUBA,24,2
159,2020,3,SUBA,25,1
160,2020,3,SUBA,27,1
161,2020,3,SUBA,28,1
162,2020,3,SUBA,3,1
163,2020,3,TEUSAQUILLO,100,1
164,2020,3,TEUSAQUILLO,101,1
165,2020,3,TEUSAQUILLO,106,1
166,2020,3,TEUSAQUILLO,107,2
167,2020,3,TUNJUELITO,42,1
168,2020,3,TUNJUELITO,62,1
169,2020,3,USAQUÃ‰N,10,2
170,2020,3,USAQUÃ‰N,11,1
171,2020,3,USAQUÃ‰N,12,1
172,2020,3,USAQUÃ‰N,13,2
173,2020,3,USAQUÃ‰N,14,2
174,2020,3,USAQUÃ‰N,15,1
175,2020,3,USAQUÃ‰N,16,2
176,2020,3,USAQUÃ‰N,9,1
177,2020,3,USME,56,1
178,2020,3,USME,57,1
179,2020,3,USME,58,1
180,2020,3,USME,61,1
181,2020,4,ANTONIO NARIÃ‘O,35,1
182,2020,4,ANTONIO NARIÃ‘O,38,1
183,2020,4,BARRIOS UNIDOS,103,1
184,2020,4,BARRIOS UNIDOS,21,1
185,2020,4,BARRIOS UNIDOS,22,1
186,2020,4,BARRIOS UNIDOS,98,1
187,2020,4,BOSA,49,1
188,2020,4,BOSA,84,1
189,2020,4,BOSA,85,1
190,2020,4,BOSA,86,1
191,2020,4,CANDELARIA,94,1
192,2020,4,CHAPINERO,88,1
193,2020,4,CHAPINERO,90,1
194,2020,4,CHAPINERO,97,2
195,2020,4,CHAPINERO,99,2
196,2020,4,KENNEDY,113,1
197,2020,4,KENNEDY,44,2
198,2020,4,KENNEDY,46,2
199,2020,4,KENNEDY,48,1
200,2020,4,KENNEDY,79,2
201,2020,4,PUENTE ARANDA,108,1
202,2020,4,PUENTE ARANDA,111,1
203,2020,4,PUENTE ARANDA,40,0
204,2020,4,PUENTE ARANDA,41,1
205,2020,4,RAFAEL URIBE URIBE,39,1
206,2020,4,RAFAEL URIBE URIBE,53,1
207,2020,4,RAFAEL URIBE URIBE,54,1
208,2020,4,SANTA FE,91,2
209,2020,4,SANTA FE,93,1
210,2020,4,SUBA,UPR1,1
211,2020,4,SUBA,17,1
212,2020,4,SUBA,18,2
213,2020,4,SUBA,19,0
214,2020,4,SUBA,2,1
215,2020,4,SUBA,20,1
216,2020,4,SUBA,23,2
217,2020,4,SUBA,24,2
218,2020,4,SUBA,25,1
219,2020,4,SUBA,27,1
220,2020,4,SUBA,28,1
221,2020,4,SUBA,3,1
222,2020,4,TEUSAQUILLO,100,1
223,2020,4,TEUSAQUILLO,101,1
224,2020,4,TEUSAQUILLO,106,1
225,2020,4,TEUSAQUILLO,107,2
226,2020,4,TUNJUELITO,42,1
227,2020,4,TUNJUELITO,62,1
228,2020,4,USAQUÃ‰N,10,2
229,2020,4,USAQUÃ‰N,11,1
230,2020,4,USAQUÃ‰N,12,1
231,2020,4,USAQUÃ‰N,13,2
232,2020,4,USAQUÃ‰N,14,2
233,2020,4,USAQUÃ‰N,15,1
234,2020,4,USAQUÃ‰N,16,2
235,2020,4,USAQUÃ‰N,9,1
236,2020,4,USME,56,1
237,2020,4,USME,57,1
238,2020,4,USME,58,1
239,2020,4,USME,61,1
240,2020,5,ANTONIO NARIÃ‘O,35,1
241,2020,5,ANTONIO NARIÃ‘O,38,1
242,2020,5,BARRIOS UNIDOS,103,1
243,2020,5,BARRIOS UNIDOS,21,1
244,2020,5,BARRIOS UNIDOS,22,1
245,2020,5,BARRIOS UNIDOS,98,1
246,2020,5,BOSA,49,1
247,2020,5,BOSA,84,0
248,2020,5,BOSA,85,1
249,2020,5,BOSA,86,1
250,2020,5,CANDELARIA,94,1
251,2020,5,CHAPINERO,88,1
252,2020,5,CHAPINERO,90,1
253,2020,5,CHAPINERO,97,2
254,2020,5,CHAPINERO,99,2
255,2020,5,KENNEDY,113,1
256,2020,5,KENNEDY,44,2
257,2020,5,KENNEDY,46,2
258,2020,5,KENNEDY,48,1
259,2020,5,KENNEDY,79,2
260,2020,5,PUENTE ARANDA,108,1
261,2020,5,PUENTE ARANDA,111,1
262,2020,5,PUENTE ARANDA,40,0
263,2020,5,PUENTE ARANDA,41,1
264,2020,5,RAFAEL URIBE URIBE,39,1
265,2020,5,RAFAEL URIBE URIBE,53,1
266,2020,5,RAFAEL URIBE URIBE,54,1
267,2020,5,SANTA FE,91,2
268,2020,5,SANTA FE,93,1
269,2020,5,SUBA,UPR1,1
270,2020,5,SUBA,17,1
271,2020,5,SUBA,18,2
272,2020,5,SUBA,19,1
273,2020,5,SUBA,2,1
274,2020,5,SUBA,20,1
275,2020,5,SUBA,23,2
276,2020,5,SUBA,24,2
277,2020,5,SUBA,25,1
278,2020,5,SUBA,27,1
279,2020,5,SUBA,28,1
280,2020,5,SUBA,3,1
281,2020,5,TEUSAQUILLO,100,1
282,2020,5,TEUSAQUILLO,101,1
283,2020,5,TEUSAQUILLO,106,1
284,2020,5,TEUSAQUILLO,107,2
285,2020,5,TUNJUELITO,42,1
286,2020,5,TUNJUELITO,62,1
287,2020,5,USAQUÃ‰N,10,2
288,2020,5,USAQUÃ‰N,11,0
289,2020,5,USAQUÃ‰N,12,1
290,2020,5,USAQUÃ‰N,13,2
291,2020,5,USAQUÃ‰N,14,2
292,2020,5,USAQUÃ‰N,15,1
293,2020,5,USAQUÃ‰N,16,2
294,2020,5,USAQUÃ‰N,9,1
295,2020,5,USME,56,1
296,2020,5,USME,57,1
297,2020,5,USME,58,1
298,2020,5,USME,61,1
299,2020,6,ANTONIO NARIÃ‘O,35,1
300,2020,6,ANTONIO NARIÃ‘O,38,1
301,2020,6,BARRIOS UNIDOS,103,1
302,2020,6,BARRIOS UNIDOS,21,1
303,2020,6,BARRIOS UNIDOS,22,1
304,2020,6,BARRIOS UNIDOS,98,1
305,2020,6,BOSA,49,1
306,2020,6,BOSA,84,1
307,2020,6,BOSA,85,1
308,2020,6,BOSA,86,1
309,2020,6,CANDELARIA,94,1
310,2020,6,CHAPINERO,88,1
311,2020,6,CHAPINERO,90,1
312,2020,6,CHAPINERO,97,2
313,2020,6,CHAPINERO,99,2
314,2020,6,KENNEDY,113,1
315,2020,6,KENNEDY,44,2
316,2020,6,KENNEDY,46,2
317,2020,6,KENNEDY,48,1
318,2020,6,KENNEDY,79,2
319,2020,6,PUENTE ARANDA,108,1
320,2020,6,PUENTE ARANDA,111,1
321,2020,6,PUENTE ARANDA,40,0
322,2020,6,PUENTE ARANDA,41,1
323,2020,6,RAFAEL URIBE URIBE,39,1
324,2020,6,RAFAEL URIBE URIBE,53,1
325,2020,6,RAFAEL URIBE URIBE,54,1
326,2020,6,SANTA FE,91,2
327,2020,6,SANTA FE,93,1
328,2020,6,SUBA,UPR1,1
329,2020,6,SUBA,17,1
330,2020,6,SUBA,18,2
331,2020,6,SUBA,19,1
332,2020,6,SUBA,2,0
333,2020,6,SUBA,20,1
334,2020,6,SUBA,23,0
335,2020,6,SUBA,24,2
336,2020,6,SUBA,25,1
337,2020,6,SUBA,27,0
338,2020,6,SUBA,28,1
339,2020,6,SUBA,3,1
340,2020,6,TEUSAQUILLO,100,1
341,2020,6,TEUSAQUILLO,101,1
342,2020,6,TEUSAQUILLO,106,1
343,2020,6,TEUSAQUILLO,107,2
344,2020,6,TUNJUELITO,42,1
345,2020,6,TUNJUELITO,62,1
346,2020,6,USAQUÃ‰N,10,2
347,2020,6,USAQUÃ‰N,11,1
348,2020,6,USAQUÃ‰N,12,1
349,2020,6,USAQUÃ‰N,13,2
350,2020,6,USAQUÃ‰N,14,1
351,2020,6,USAQUÃ‰N,15,1
352,2020,6,USAQUÃ‰N,16,2
353,2020,6,USAQUÃ‰N,9,1
354,2020,6,USME,56,1
355,2020,6,USME,57,1
356,2020,6,USME,58,1
357,2020,6,USME,61,1
358,2020,7,ANTONIO NARIÃ‘O,35,1
359,2020,7,ANTONIO NARIÃ‘O,38,1
360,2020,7,BARRIOS UNIDOS,103,1
361,2020,7,BARRIOS UNIDOS,21,1
362,2020,7,BARRIOS UNIDOS,22,1
363,2020,7,BARRIOS UNIDOS,98,1
364,2020,7,BOSA,49,1
365,2020,7,BOSA,84,1
366,2020,7,BOSA,85,1
367,2020,7,BOSA,86,1
368,2020,7,CANDELARIA,94,1
369,2020,7,CHAPINERO,88,1
370,2020,7,CHAPINERO,90,1
371,2020,7,CHAPINERO,97,2
372,2020,7,CHAPINERO,99,2
373,2020,7,KENNEDY,113,1
374,2020,7,KENNEDY,44,2
375,2020,7,KENNEDY,46,0
376,2020,7,KENNEDY,48,1
377,2020,7,KENNEDY,79,2
378,2020,7,PUENTE ARANDA,108,1
379,2020,7,PUENTE ARANDA,111,1
380,2020,7,PUENTE ARANDA,40,0
381,2020,7,PUENTE ARANDA,41,1
382,2020,7,RAFAEL URIBE URIBE,39,1
383,2020,7,RAFAEL URIBE URIBE,53,1
384,2020,7,RAFAEL URIBE URIBE,54,1
385,2020,7,SANTA FE,91,2
386,2020,7,SANTA FE,93,1
387,2020,7,SUBA,UPR1,1
388,2020,7,SUBA,17,1
389,2020,7,SUBA,18,2
390,2020,7,SUBA,19,0
391,2020,7,SUBA,2,1
392,2020,7,SUBA,20,1
393,2020,7,SUBA,23,0
394,2020,7,SUBA,24,2
395,2020,7,SUBA,25,1
396,2020,7,SUBA,27,1
397,2020,7,SUBA,28,1
398,2020,7,SUBA,3,0
399,2020,7,TEUSAQUILLO,100,1
400,2020,7,TEUSAQUILLO,101,1
401,2020,7,TEUSAQUILLO,106,1
402,2020,7,TEUSAQUILLO,107,2
403,2020,7,TUNJUELITO,42,1
404,2020,7,TUNJUELITO,62,1
405,2020,7,USAQUÃ‰N,10,2
406,2020,7,USAQUÃ‰N,11,1
407,2020,7,USAQUÃ‰N,12,1
408,2020,7,USAQUÃ‰N,13,2
409,2020,7,USAQUÃ‰N,14,2
410,2020,7,USAQUÃ‰N,15,1
411,2020,7,USAQUÃ‰N,16,2
412,2020,7,USAQUÃ‰N,9,1
413,2020,7,USME,56,1
414,2020,7,USME,57,1
415,2020,7,USME,58,1
416,2020,7,USME,61,1
417,2020,8,ANTONIO NARIÃ‘O,35,1
418,2020,8,ANTONIO NARIÃ‘O,38,1
419,2020,8,BARRIOS UNIDOS,103,1
420,2020,8,BARRIOS UNIDOS,21,1
421,2020,8,BARRIOS UNIDOS,22,1
422,2020,8,BARRIOS UNIDOS,98,1
423,2020,8,BOSA,49,1
424,2020,8,BOSA,84,1
425,2020,8,BOSA,85,1
426,2020,8,BOSA,86,1
427,2020,8,CANDELARIA,94,1
428,2020,8,CHAPINERO,88,1
429,2020,8,CHAPINERO,90,1
430,2020,8,CHAPINERO,97,2
431,2020,8,CHAPINERO,99,2
432,2020,8,KENNEDY,113,1
433,2020,8,KENNEDY,44,2
434,2020,8,KENNEDY,46,0
435,2020,8,KENNEDY,48,1
436,2020,8,KENNEDY,79,2
437,2020,8,PUENTE ARANDA,108,2
438,2020,8,PUENTE ARANDA,111,1
439,2020,8,PUENTE ARANDA,40,0
440,2020,8,PUENTE ARANDA,41,1
441,2020,8,RAFAEL URIBE URIBE,39,1
442,2020,8,RAFAEL URIBE URIBE,53,1
443,2020,8,RAFAEL URIBE URIBE,54,1
444,2020,8,SANTA FE,91,2
445,2020,8,SANTA FE,93,1
446,2020,8,SUBA,UPR1,1
447,2020,8,SUBA,17,1
448,2020,8,SUBA,18,2
449,2020,8,SUBA,19,0
450,2020,8,SUBA,2,1
451,2020,8,SUBA,20,1
452,2020,8,SUBA,23,0
453,2020,8,SUBA,24,2
454,2020,8,SUBA,25,1
455,2020,8,SUBA,27,1
456,2020,8,SUBA,28,1
457,2020,8,SUBA,3,1
458,2020,8,TEUSAQUILLO,100,1
459,2020,8,TEUSAQUILLO,101,1
460,2020,8,TEUSAQUILLO,106,1
461,2020,8,TEUSAQUILLO,107,2
462,2020,8,TUNJUELITO,42,1
463,2020,8,TUNJUELITO,62,1
464,2020,8,USAQUÃ‰N,10,2
465,2020,8,USAQUÃ‰N,11,1
466,2020,8,USAQUÃ‰N,12,1
467,2020,8,USAQUÃ‰N,13,2
468,2020,8,USAQUÃ‰N,14,2
469,2020,8,USAQUÃ‰N,15,1
470,2020,8,USAQUÃ‰N,16,2
471,2020,8,USAQUÃ‰N,9,1
472,2020,8,USME,56,1
473,2020,8,USME,57,1
474,2020,8,USME,58,1
475,2020,8,USME,61,0
476,2020,9,ANTONIO NARIÃ‘O,35,1
477,2020,9,ANTONIO NARIÃ‘O,38,1
478,2020,9,BARRIOS UNIDOS,103,1
479,2020,9,BARRIOS UNIDOS,21,1
480,2020,9,BARRIOS UNIDOS,22,1
481,2020,9,BARRIOS UNIDOS,98,1
482,2020,9,BOSA,49,1
483,2020,9,BOSA,84,1
484,2020,9,BOSA,85,1
485,2020,9,BOSA,86,1
486,2020,9,CANDELARIA,94,1
487,2020,9,CHAPINERO,88,1
488,2020,9,CHAPINERO,90,1
489,2020,9,CHAPINERO,97,2
490,2020,9,CHAPINERO,99,2
491,2020,9,KENNEDY,113,1
492,2020,9,KENNEDY,44,2
493,2020,9,KENNEDY,46,0
494,2020,9,KENNEDY,48,1
495,2020,9,KENNEDY,79,2
496,2020,9,PUENTE ARANDA,108,1
497,2020,9,PUENTE ARANDA,111,1
498,2020,9,PUENTE ARANDA,40,1
499,2020,9,PUENTE ARANDA,41,1
500,2020,9,RAFAEL URIBE URIBE,39,1
501,2020,9,RAFAEL URIBE URIBE,53,1
502,2020,9,RAFAEL URIBE URIBE,54,1
503,2020,9,SANTA FE,91,2
504,2020,9,SANTA FE,93,1
505,2020,9,SUBA,UPR1,1
506,2020,9,SUBA,17,1
507,2020,9,SUBA,18,2
508,2020,9,SUBA,19,0
509,2020,9,SUBA,2,1
510,2020,9,SUBA,20,1
511,2020,9,SUBA,23,2
512,2020,9,SUBA,24,2
513,2020,9,SUBA,25,1
514,2020,9,SUBA,27,1
515,2020,9,SUBA,28,1
516,2020,9,SUBA,3,0
517,2020,9,TEUSAQUILLO,100,1
518,2020,9,TEUSAQUILLO,101,1
519,2020,9,TEUSAQUILLO,106,1
520,2020,9,TEUSAQUILLO,107,2
521,2020,9,TUNJUELITO,42,1
522,2020,9,TUNJUELITO,62,1
523,2020,9,USAQUÃ‰N,10,2
524,2020,9,USAQUÃ‰N,11,1
525,2020,9,USAQUÃ‰N,12,1
526,2020,9,USAQUÃ‰N,13,2
527,2020,9,USAQUÃ‰N,14,2
528,2020,9,USAQUÃ‰N,15,1
529,2020,9,USAQUÃ‰N,16,2
530,2020,9,USAQUÃ‰N,9,0
531,2020,9,USME,56,0
532,2020,9,USME,57,1
533,2020,9,USME,58,1
534,2020,9,USME,61,1
535,2020,10,ANTONIO NARIÃ‘O,35,1
536,2020,10,ANTONIO NARIÃ‘O,38,1
537,2020,10,BARRIOS UNIDOS,103,1
538,2020,10,BARRIOS UNIDOS,21,1
539,2020,10,BARRIOS UNIDOS,22,1
540,2020,10,BARRIOS UNIDOS,98,1
541,2020,10,BOSA,49,1
542,2020,10,BOSA,84,1
543,2020,10,BOSA,85,0
544,2020,10,BOSA,86,1
545,2020,10,CANDELARIA,94,1
546,2020,10,CHAPINERO,88,1
547,2020,10,CHAPINERO,90,2
548,2020,10,CHAPINERO,97,2
549,2020,10,CHAPINERO,99,2
550,2020,10,KENNEDY,113,2
551,2020,10,KENNEDY,44,2
552,2020,10,KENNEDY,46,0
553,2020,10,KENNEDY,48,1
554,2020,10,KENNEDY,79,2
555,2020,10,PUENTE ARANDA,108,0
556,2020,10,PUENTE ARANDA,111,1
557,2020,10,PUENTE ARANDA,40,1
558,2020,10,PUENTE ARANDA,41,1
559,2020,10,RAFAEL URIBE URIBE,39,1
560,2020,10,RAFAEL URIBE URIBE,53,1
561,2020,10,RAFAEL URIBE URIBE,54,1
562,2020,10,SANTA FE,91,2
563,2020,10,SANTA FE,93,1
564,2020,10,SUBA,17,1
565,2020,10,SUBA,18,2
566,2020,10,SUBA,19,0
567,2020,10,SUBA,2,1
568,2020,10,SUBA,20,1
569,2020,10,SUBA,23,2
570,2020,10,SUBA,24,2
571,2020,10,SUBA,25,1
572,2020,10,SUBA,27,0
573,2020,10,SUBA,28,1
574,2020,10,SUBA,3,1
575,2020,10,TEUSAQUILLO,100,1
576,2020,10,TEUSAQUILLO,101,1
577,2020,10,TEUSAQUILLO,106,1
578,2020,10,TEUSAQUILLO,107,2
579,2020,10,TUNJUELITO,42,1
580,2020,10,TUNJUELITO,62,1
581,2020,10,USAQUÃ‰N,10,2
582,2020,10,USAQUÃ‰N,11,1
583,2020,10,USAQUÃ‰N,12,1
584,2020,10,USAQUÃ‰N,13,2
585,2020,10,USAQUÃ‰N,14,2
586,2020,10,USAQUÃ‰N,15,1
587,2020,10,USAQUÃ‰N,16,2
588,2020,10,USAQUÃ‰N,9,1
589,2020,10,USME,56,0
590,2020,10,USME,57,0
591,2020,10,USME,58,1
592,2020,10,USME,61,0
593,2020,11,ANTONIO NARIÃ‘O,35,1
594,2020,11,ANTONIO NARIÃ‘O,38,1
595,2020,11,BARRIOS UNIDOS,103,1
596,2020,11,BARRIOS UNIDOS,21,1
597,2020,11,BARRIOS UNIDOS,22,1
598,2020,11,BARRIOS UNIDOS,98,2
599,2020,11,BOSA,49,1
600,2020,11,BOSA,84,0
601,2020,11,BOSA,85,1
602,2020,11,BOSA,86,1
603,2020,11,CANDELARIA,94,1
604,2020,11,CHAPINERO,88,1
605,2020,11,CHAPINERO,90,1
606,2020,11,CHAPINERO,97,2
607,2020,11,CHAPINERO,99,2
608,2020,11,KENNEDY,113,1
609,2020,11,KENNEDY,44,2
610,2020,11,KENNEDY,46,0
611,2020,11,KENNEDY,48,1
612,2020,11,KENNEDY,79,2
613,2020,11,PUENTE ARANDA,108,1
614,2020,11,PUENTE ARANDA,111,1
615,2020,11,PUENTE ARANDA,40,1
616,2020,11,PUENTE ARANDA,41,1
617,2020,11,RAFAEL URIBE URIBE,39,1
618,2020,11,RAFAEL URIBE URIBE,53,1
619,2020,11,RAFAEL URIBE URIBE,54,1
620,2020,11,SANTA FE,91,2
621,2020,11,SANTA FE,93,2
622,2020,11,SUBA,17,1
623,2020,11,SUBA,18,2
624,2020,11,SUBA,19,0
625,2020,11,SUBA,2,1
626,2020,11,SUBA,20,1
627,2020,11,SUBA,23,0
628,2020,11,SUBA,24,2
629,2020,11,SUBA,25,1
630,2020,11,SUBA,27,0
631,2020,11,SUBA,28,1
632,2020,11,SUBA,3,0
633,2020,11,TEUSAQUILLO,100,1
634,2020,11,TEUSAQUILLO,101,1
635,2020,11,TEUSAQUILLO,106,1
636,2020,11,TEUSAQUILLO,107,2
637,2020,11,TUNJUELITO,42,1
638,2020,11,TUNJUELITO,62,1
639,2020,11,USAQUÃ‰N,10,0
640,2020,11,USAQUÃ‰N,11,1
641,2020,11,USAQUÃ‰N,12,1
642,2020,11,USAQUÃ‰N,13,2
643,2020,11,USAQUÃ‰N,14,2
644,2020,11,USAQUÃ‰N,15,1
645,2020,11,USAQUÃ‰N,16,2
646,2020,11,USAQUÃ‰N,9,0
647,2020,11,USME,56,1
648,2020,11,USME,57,1
649,2020,11,USME,58,1
650,2020,11,USME,61,1
651,2020,12,ANTONIO NARIÃ‘O,35,1
652,2020,12,ANTONIO NARIÃ‘O,38,1
653,2020,12,BARRIOS UNIDOS,103,1
654,2020,12,BARRIOS UNIDOS,21,1
655,2020,12,BARRIOS UNIDOS,22,1
656,2020,12,BARRIOS UNIDOS,98,2
657,2020,12,BOSA,49,1
658,2020,12,BOSA,84,0
659,2020,12,BOSA,85,1
660,2020,12,BOSA,86,1
661,2020,12,CANDELARIA,94,1
662,2020,12,CHAPINERO,88,1
663,2020,12,CHAPINERO,90,1
664,2020,12,CHAPINERO,97,2
665,2020,12,CHAPINERO,99,2
666,2020,12,KENNEDY,113,1
667,2020,12,KENNEDY,44,2
668,2020,12,KENNEDY,45,1
669,2020,12,KENNEDY,46,1
670,2020,12,KENNEDY,48,1
671,2020,12,KENNEDY,79,2
672,2020,12,PUENTE ARANDA,108,1
673,2020,12,PUENTE ARANDA,111,1
674,2020,12,PUENTE ARANDA,40,1
675,2020,12,PUENTE ARANDA,41,1
676,2020,12,RAFAEL URIBE URIBE,39,1
677,2020,12,RAFAEL URIBE URIBE,53,1
678,2020,12,RAFAEL URIBE URIBE,54,0
679,2020,12,SANTA FE,91,2
680,2020,12,SANTA FE,93,2
681,2020,12,SUBA,17,1
682,2020,12,SUBA,18,2
683,2020,12,SUBA,19,1
684,2020,12,SUBA,2,1
685,2020,12,SUBA,20,1
686,2020,12,SUBA,23,2
687,2020,12,SUBA,24,2
688,2020,12,SUBA,25,1
689,2020,12,SUBA,27,0
690,2020,12,SUBA,28,1
691,2020,12,SUBA,3,0
692,2020,12,TEUSAQUILLO,100,1
693,2020,12,TEUSAQUILLO,101,1
694,2020,12,TEUSAQUILLO,106,1
695,2020,12,TEUSAQUILLO,107,2
696,2020,12,TUNJUELITO,42,1
697,2020,12,TUNJUELITO,62,1
698,2020,12,USAQUÃ‰N,10,0
699,2020,12,USAQUÃ‰N,11,1
700,2020,12,USAQUÃ‰N,12,1
701,2020,12,USAQUÃ‰N,13,2
702,2020,12,USAQUÃ‰N,14,2
703,2020,12,USAQUÃ‰N,15,1
704,2020,12,USAQUÃ‰N,16,2
705,2020,12,USAQUÃ‰N,9,1
706,2020,12,USME,56,1
707,2020,12,USME,57,0
708,2020,12,USME,58,1
709,2020,12,USME,61,0
710,2021,1,ANTONIO NARIÃ‘O,35,1
711,2021,1,ANTONIO NARIÃ‘O,38,1
712,2021,1,BARRIOS UNIDOS,103,1
713,2021,1,BARRIOS UNIDOS,21,1
714,2021,1,BARRIOS UNIDOS,22,1
715,2021,1,BARRIOS UNIDOS,98,2
716,2021,1,BOSA,49,0
717,2021,1,BOSA,84,0
718,2021,1,BOSA,85,1
719,2021,1,CANDELARIA,94,1
720,2021,1,CHAPINERO,88,1
721,2021,1,CHAPINERO,90,1
722,2021,1,CHAPINERO,97,2
723,2021,1,CHAPINERO,99,2
724,2021,1,KENNEDY,113,1
725,2021,1,KENNEDY,44,1
726,2021,1,KENNEDY,45,1
727,2021,1,KENNEDY,46,1
728,2021,1,KENNEDY,48,1
729,2021,1,KENNEDY,79,2
730,2021,1,PUENTE ARANDA,108,1
731,2021,1,PUENTE ARANDA,111,1
732,2021,1,PUENTE ARANDA,40,0
733,2021,1,PUENTE ARANDA,41,1
734,2021,1,RAFAEL URIBE URIBE,39,1
735,2021,1,RAFAEL URIBE URIBE,53,1
736,2021,1,RAFAEL URIBE URIBE,54,1
737,2021,1,SANTA FE,91,2
738,2021,1,SANTA FE,93,2
739,2021,1,SUBA,17,1
740,2021,1,SUBA,18,2
741,2021,1,SUBA,19,1
742,2021,1,SUBA,2,1
743,2021,1,SUBA,20,1
744,2021,1,SUBA,23,0
745,2021,1,SUBA,24,2
746,2021,1,SUBA,25,1
747,2021,1,SUBA,27,1
748,2021,1,SUBA,28,1
749,2021,1,SUBA,3,1
750,2021,1,TEUSAQUILLO,100,1
751,2021,1,TEUSAQUILLO,101,1
752,2021,1,TEUSAQUILLO,106,1
753,2021,1,TEUSAQUILLO,107,2
754,2021,1,TUNJUELITO,42,1
755,2021,1,USAQUÃ‰N,10,0
756,2021,1,USAQUÃ‰N,11,1
757,2021,1,USAQUÃ‰N,12,1
758,2021,1,USAQUÃ‰N,13,2
759,2021,1,USAQUÃ‰N,14,2
760,2021,1,USAQUÃ‰N,15,1
761,2021,1,USAQUÃ‰N,16,2
762,2021,1,USAQUÃ‰N,9,1
763,2021,1,USME,56,1
764,2021,1,USME,57,0
765,2021,1,USME,58,1
766,2021,1,USME,61,1
767,2021,2,ANTONIO NARIÃ‘O,35,1
768,2021,2,ANTONIO NARIÃ‘O,38,1
769,2021,2,BARRIOS UNIDOS,103,1
770,2021,2,BARRIOS UNIDOS,21,1
771,2021,2,BARRIOS UNIDOS,22,1
772,2021,2,BARRIOS UNIDOS,98,2
773,2021,2,BOSA,49,1
774,2021,2,BOSA,84,0
775,2021,2,BOSA,85,1
776,2021,2,CANDELARIA,94,1
777,2021,2,CHAPINERO,88,1
778,2021,2,CHAPINERO,90,1
779,2021,2,CHAPINERO,97,2
780,2021,2,CHAPINERO,99,2
781,2021,2,KENNEDY,113,1
782,2021,2,KENNEDY,44,1
783,2021,2,KENNEDY,45,1
784,2021,2,KENNEDY,46,1
785,2021,2,KENNEDY,48,1
786,2021,2,KENNEDY,79,2
787,2021,2,KENNEDY,81,1
788,2021,2,PUENTE ARANDA,108,1
789,2021,2,PUENTE ARANDA,111,1
790,2021,2,PUENTE ARANDA,40,1
791,2021,2,PUENTE ARANDA,41,1
792,2021,2,RAFAEL URIBE URIBE,39,1
793,2021,2,RAFAEL URIBE URIBE,53,1
794,2021,2,RAFAEL URIBE URIBE,54,1
795,2021,2,SANTA FE,91,2
796,2021,2,SANTA FE,92,1
797,2021,2,SANTA FE,93,2
798,2021,2,SUBA,17,1
799,2021,2,SUBA,18,2
800,2021,2,SUBA,19,1
801,2021,2,SUBA,2,1
802,2021,2,SUBA,20,1
803,2021,2,SUBA,23,0
804,2021,2,SUBA,24,2
805,2021,2,SUBA,25,1
806,2021,2,SUBA,27,0
807,2021,2,SUBA,28,1
808,2021,2,SUBA,3,1
809,2021,2,TEUSAQUILLO,100,1
810,2021,2,TEUSAQUILLO,101,1
811,2021,2,TEUSAQUILLO,106,1
812,2021,2,TEUSAQUILLO,107,2
813,2021,2,TUNJUELITO,42,1
814,2021,2,USAQUÃ‰N,10,2
815,2021,2,USAQUÃ‰N,11,1
816,2021,2,USAQUÃ‰N,12,1
817,2021,2,USAQUÃ‰N,13,2
818,2021,2,USAQUÃ‰N,14,2
819,2021,2,USAQUÃ‰N,15,1
820,2021,2,USAQUÃ‰N,16,2
821,2021,2,USAQUÃ‰N,9,1
822,2021,2,USME,56,0
823,2021,2,USME,57,0
824,2021,2,USME,58,1
825,2021,2,USME,61,0
826,2021,3,ANTONIO NARIÃ‘O,35,1
827,2021,3,ANTONIO NARIÃ‘O,38,0
828,2021,3,BARRIOS UNIDOS,103,1
829,2021,3,BARRIOS UNIDOS,21,1
830,2021,3,BARRIOS UNIDOS,22,1
831,2021,3,BARRIOS UNIDOS,98,2
832,2021,3,BOSA,49,1
833,2021,3,BOSA,84,0
834,2021,3,BOSA,85,0
835,2021,3,BOSA,86,1
836,2021,3,CANDELARIA,94,1
837,2021,3,CHAPINERO,88,1
838,2021,3,CHAPINERO,90,1
839,2021,3,CHAPINERO,97,2
840,2021,3,CHAPINERO,99,0
841,2021,3,KENNEDY,113,1
842,2021,3,KENNEDY,44,2
843,2021,3,KENNEDY,45,1
844,2021,3,KENNEDY,46,1
845,2021,3,KENNEDY,48,1
846,2021,3,KENNEDY,79,2
847,2021,3,KENNEDY,81,1
848,2021,3,PUENTE ARANDA,108,1
849,2021,3,PUENTE ARANDA,111,1
850,2021,3,PUENTE ARANDA,40,1
851,2021,3,PUENTE ARANDA,41,1
852,2021,3,RAFAEL URIBE URIBE,39,1
853,2021,3,RAFAEL URIBE URIBE,53,1
854,2021,3,RAFAEL URIBE URIBE,54,0
855,2021,3,SANTA FE,91,2
856,2021,3,SANTA FE,92,1
857,2021,3,SANTA FE,93,2
858,2021,3,SUBA,17,1
859,2021,3,SUBA,18,2
860,2021,3,SUBA,19,1
861,2021,3,SUBA,2,2
862,2021,3,SUBA,20,1
863,2021,3,SUBA,23,0
864,2021,3,SUBA,24,2
865,2021,3,SUBA,25,1
866,2021,3,SUBA,27,0
867,2021,3,SUBA,28,1
868,2021,3,SUBA,3,1
869,2021,3,TEUSAQUILLO,100,1
870,2021,3,TEUSAQUILLO,101,1
871,2021,3,TEUSAQUILLO,106,1
872,2021,3,TEUSAQUILLO,107,2
873,2021,3,TUNJUELITO,42,1
874,2021,3,USAQUÃ‰N,10,0
875,2021,3,USAQUÃ‰N,11,1
876,2021,3,USAQUÃ‰N,12,1
877,2021,3,USAQUÃ‰N,13,2
878,2021,3,USAQUÃ‰N,14,2
879,2021,3,USAQUÃ‰N,15,1
880,2021,3,USAQUÃ‰N,16,2
881,2021,3,USAQUÃ‰N,9,0
882,2021,3,USME,56,0
883,2021,3,USME,57,0
884,2021,3,USME,58,1
885,2021,3,USME,61,0
886,2021,4,ANTONIO NARIÃ‘O,35,1
887,2021,4,ANTONIO NARIÃ‘O,38,1
888,2021,4,BARRIOS UNIDOS,103,1
889,2021,4,BARRIOS UNIDOS,21,1
890,2021,4,BARRIOS UNIDOS,22,1
891,2021,4,BARRIOS UNIDOS,98,2
892,2021,4,BOSA,49,1
893,2021,4,BOSA,84,0
894,2021,4,BOSA,85,1
895,2021,4,BOSA,86,1
896,2021,4,CANDELARIA,94,1
897,2021,4,CHAPINERO,88,1
898,2021,4,CHAPINERO,90,1
899,2021,4,CHAPINERO,97,2
900,2021,4,CHAPINERO,99,1
901,2021,4,KENNEDY,113,2
902,2021,4,KENNEDY,44,2
903,2021,4,KENNEDY,45,1
904,2021,4,KENNEDY,46,1
905,2021,4,KENNEDY,48,1
906,2021,4,KENNEDY,79,2
907,2021,4,KENNEDY,81,1
908,2021,4,PUENTE ARANDA,108,1
909,2021,4,PUENTE ARANDA,111,1
910,2021,4,PUENTE ARANDA,40,1
911,2021,4,PUENTE ARANDA,41,1
912,2021,4,RAFAEL URIBE URIBE,39,1
913,2021,4,RAFAEL URIBE URIBE,53,1
914,2021,4,RAFAEL URIBE URIBE,54,1
915,2021,4,SANTA FE,91,2
916,2021,4,SANTA FE,92,1
917,2021,4,SANTA FE,93,2
918,2021,4,SUBA,17,1
919,2021,4,SUBA,18,2
920,2021,4,SUBA,19,1
921,2021,4,SUBA,2,1
922,2021,4,SUBA,20,1
923,2021,4,SUBA,23,0
924,2021,4,SUBA,24,2
925,2021,4,SUBA,25,1
926,2021,4,SUBA,27,0
927,2021,4,SUBA,28,1
928,2021,4,SUBA,3,1
929,2021,4,TEUSAQUILLO,100,1
930,2021,4,TEUSAQUILLO,101,1
931,2021,4,TEUSAQUILLO,106,1
932,2021,4,TEUSAQUILLO,107,1
933,2021,4,TUNJUELITO,42,1
934,2021,4,USAQUÃ‰N,10,2
935,2021,4,USAQUÃ‰N,11,1
936,2021,4,USAQUÃ‰N,12,1
937,2021,4,USAQUÃ‰N,13,2
938,2021,4,USAQUÃ‰N,14,2
939,2021,4,USAQUÃ‰N,15,1
940,2021,4,USAQUÃ‰N,16,2
941,2021,4,USAQUÃ‰N,9,1
942,2021,4,USME,56,1
943,2021,4,USME,57,1
944,2021,4,USME,58,1
945,2021,4,USME,61,0
946,2021,5,ANTONIO NARIÃ‘O,35,1
947,2021,5,ANTONIO NARIÃ‘O,38,1
948,2021,5,BARRIOS UNIDOS,103,1
949,2021,5,BARRIOS UNIDOS,21,1
950,2021,5,BARRIOS UNIDOS,22,1
951,2021,5,BARRIOS UNIDOS,98,2
952,2021,5,BOSA,49,1
953,2021,5,BOSA,84,0
954,2021,5,BOSA,85,1
955,2021,5,BOSA,86,1
956,2021,5,CANDELARIA,94,1
957,2021,5,CHAPINERO,88,1
958,2021,5,CHAPINERO,90,1
959,2021,5,CHAPINERO,97,2
960,2021,5,CHAPINERO,99,1
961,2021,5,KENNEDY,113,2
962,2021,5,KENNEDY,44,2
963,2021,5,KENNEDY,45,1
964,2021,5,KENNEDY,46,1
965,2021,5,KENNEDY,48,1
966,2021,5,KENNEDY,79,0
967,2021,5,KENNEDY,81,1
968,2021,5,PUENTE ARANDA,108,1
969,2021,5,PUENTE ARANDA,111,1
970,2021,5,PUENTE ARANDA,40,1
971,2021,5,PUENTE ARANDA,41,1
972,2021,5,RAFAEL URIBE URIBE,39,1
973,2021,5,RAFAEL URIBE URIBE,53,1
974,2021,5,RAFAEL URIBE URIBE,54,1
975,2021,5,SANTA FE,91,2
976,2021,5,SANTA FE,92,1
977,2021,5,SANTA FE,93,2
978,2021,5,SUBA,17,1
979,2021,5,SUBA,18,2
980,2021,5,SUBA,19,1
981,2021,5,SUBA,2,1
982,2021,5,SUBA,20,1
983,2021,5,SUBA,23,0
984,2021,5,SUBA,24,2
985,2021,5,SUBA,25,1
986,2021,5,SUBA,27,0
987,2021,5,SUBA,28,1
988,2021,5,SUBA,3,0
989,2021,5,TEUSAQUILLO,100,1
990,2021,5,TEUSAQUILLO,101,1
991,2021,5,TEUSAQUILLO,106,1
992,2021,5,TEUSAQUILLO,107,2
993,2021,5,TUNJUELITO,42,1
994,2021,5,USAQUÃ‰N,10,2
995,2021,5,USAQUÃ‰N,11,0
996,2021,5,USAQUÃ‰N,12,1
997,2021,5,USAQUÃ‰N,13,2
998,2021,5,USAQUÃ‰N,14,2
999,2021,5,USAQUÃ‰N,15,1
1000,2021,5,USAQUÃ‰N,16,2
1001,2021,5,USAQUÃ‰N,9,1
1002,2021,5,USME,56,1
1003,2021,5,USME,57,0
1004,2021,5,USME,58,1
1005,2021,5,USME,61,0
1006,2021,6,ANTONIO NARIÃ‘O,35,1
1007,2021,6,ANTONIO NARIÃ‘O,38,1
1008,2021,6,BARRIOS UNIDOS,103,1
1009,2021,6,BARRIOS UNIDOS,21,1
1010,2021,6,BARRIOS UNIDOS,22,1
1011,2021,6,BARRIOS UNIDOS,98,2
1012,2021,6,BOSA,49,1
1013,2021,6,BOSA,84,0
1014,2021,6,BOSA,85,1
1015,2021,6,BOSA,86,1
1016,2021,6,CANDELARIA,94,1
1017,2021,6,CHAPINERO,88,1
1018,2021,6,CHAPINERO,90,1
1019,2021,6,CHAPINERO,97,2
1020,2021,6,CHAPINERO,99,1
1021,2021,6,KENNEDY,113,2
1022,2021,6,KENNEDY,44,2
1023,2021,6,KENNEDY,45,1
1024,2021,6,KENNEDY,46,1
1025,2021,6,KENNEDY,48,1
1026,2021,6,KENNEDY,79,2
1027,2021,6,KENNEDY,81,1
1028,2021,6,PUENTE ARANDA,108,1
1029,2021,6,PUENTE ARANDA,111,1
1030,2021,6,PUENTE ARANDA,40,1
1031,2021,6,PUENTE ARANDA,41,1
1032,2021,6,RAFAEL URIBE URIBE,39,1
1033,2021,6,RAFAEL URIBE URIBE,53,1
1034,2021,6,RAFAEL URIBE URIBE,54,0
1035,2021,6,SANTA FE,91,2
1036,2021,6,SANTA FE,92,1
1037,2021,6,SANTA FE,93,2
1038,2021,6,SUBA,17,1
1039,2021,6,SUBA,18,2
1040,2021,6,SUBA,19,1
1041,2021,6,SUBA,2,2
1042,2021,6,SUBA,20,1
1043,2021,6,SUBA,23,2
1044,2021,6,SUBA,24,2
1045,2021,6,SUBA,25,1
1046,2021,6,SUBA,27,0
1047,2021,6,SUBA,28,1
1048,2021,6,SUBA,3,1
1049,2021,6,TEUSAQUILLO,100,1
1050,2021,6,TEUSAQUILLO,101,1
1051,2021,6,TEUSAQUILLO,106,1
1052,2021,6,TEUSAQUILLO,107,2
1053,2021,6,TUNJUELITO,42,1
1054,2021,6,USAQUÃ‰N,10,2
1055,2021,6,USAQUÃ‰N,11,0
1056,2021,6,USAQUÃ‰N,12,1
1057,2021,6,USAQUÃ‰N,13,2
1058,2021,6,USAQUÃ‰N,14,2
1059,2021,6,USAQUÃ‰N,15,1
1060,2021,6,USAQUÃ‰N,16,2
1061,2021,6,USAQUÃ‰N,9,1
1062,2021,6,USME,56,1
1063,2021,6,USME,57,1
1064,2021,6,USME,58,1
1065,2021,6,USME,61,1
1066,2021,7,ANTONIO NARIÃ‘O,35,1
1067,2021,7,ANTONIO NARIÃ‘O,38,1
1068,2021,7,BARRIOS UNIDOS,103,1
1069,2021,7,BARRIOS UNIDOS,21,1
1070,2021,7,BARRIOS UNIDOS,22,0
1071,2021,7,BARRIOS UNIDOS,98,2
1072,2021,7,BOSA,49,0
1073,2021,7,BOSA,84,1
1074,2021,7,BOSA,85,1
1075,2021,7,BOSA,86,1
1076,2021,7,CANDELARIA,94,1
1077,2021,7,CHAPINERO,88,1
1078,2021,7,CHAPINERO,90,1
1079,2021,7,CHAPINERO,97,2
1080,2021,7,CHAPINERO,99,1
1081,2021,7,KENNEDY,113,2
1082,2021,7,KENNEDY,44,2
1083,2021,7,KENNEDY,45,1
1084,2021,7,KENNEDY,46,1
1085,2021,7,KENNEDY,48,1
1086,2021,7,KENNEDY,79,2
1087,2021,7,KENNEDY,81,1
1088,2021,7,PUENTE ARANDA,108,1
1089,2021,7,PUENTE ARANDA,111,1
1090,2021,7,PUENTE ARANDA,40,1
1091,2021,7,PUENTE ARANDA,41,1
1092,2021,7,RAFAEL URIBE URIBE,39,1
1093,2021,7,RAFAEL URIBE URIBE,53,1
1094,2021,7,RAFAEL URIBE URIBE,54,1
1095,2021,7,SANTA FE,91,2
1096,2021,7,SANTA FE,92,1
1097,2021,7,SANTA FE,93,2
1098,2021,7,SUBA,17,1
1099,2021,7,SUBA,18,2
1100,2021,7,SUBA,19,1
1101,2021,7,SUBA,2,2
1102,2021,7,SUBA,20,1
1103,2021,7,SUBA,23,2
1104,2021,7,SUBA,24,2
1105,2021,7,SUBA,25,1
1106,2021,7,SUBA,27,0
1107,2021,7,SUBA,28,1
1108,2021,7,SUBA,3,1
1109,2021,7,TEUSAQUILLO,100,1
1110,2021,7,TEUSAQUILLO,101,1
1111,2021,7,TEUSAQUILLO,106,1
1112,2021,7,TEUSAQUILLO,107,2
1113,2021,7,TUNJUELITO,42,1
1114,2021,7,USAQUÃ‰N,10,2
1115,2021,7,USAQUÃ‰N,11,1
1116,2021,7,USAQUÃ‰N,12,1
1117,2021,7,USAQUÃ‰N,13,2
1118,2021,7,USAQUÃ‰N,14,2
1119,2021,7,USAQUÃ‰N,15,1
1120,2021,7,USAQUÃ‰N,16,2
1121,2021,7,USAQUÃ‰N,9,1
1122,2021,7,USME,56,0
1123,2021,7,USME,57,0
1124,2021,7,USME,58,1
1125,2021,7,USME,61,0
1126,2021,8,ANTONIO NARIÃ‘O,35,1
1127,2021,8,ANTONIO NARIÃ‘O,38,1
1128,2021,8,BARRIOS UNIDOS,103,1
1129,2021,8,BARRIOS UNIDOS,21,1
1130,2021,8,BARRIOS UNIDOS,22,1
1131,2021,8,BARRIOS UNIDOS,98,2
1132,2021,8,BOSA,49,1
1133,2021,8,BOSA,84,1
1134,2021,8,BOSA,85,0
1135,2021,8,BOSA,86,1
1136,2021,8,CANDELARIA,94,1
1137,2021,8,CHAPINERO,88,1
1138,2021,8,CHAPINERO,90,1
1139,2021,8,CHAPINERO,97,2
1140,2021,8,CHAPINERO,99,1
1141,2021,8,KENNEDY,113,2
1142,2021,8,KENNEDY,44,2
1143,2021,8,KENNEDY,45,1
1144,2021,8,KENNEDY,46,2
1145,2021,8,KENNEDY,48,1
1146,2021,8,KENNEDY,79,2
1147,2021,8,KENNEDY,81,1
1148,2021,8,PUENTE ARANDA,108,1
1149,2021,8,PUENTE ARANDA,111,1
1150,2021,8,PUENTE ARANDA,40,1
1151,2021,8,PUENTE ARANDA,41,1
1152,2021,8,RAFAEL URIBE URIBE,39,1
1153,2021,8,RAFAEL URIBE URIBE,53,0
1154,2021,8,RAFAEL URIBE URIBE,54,1
1155,2021,8,SANTA FE,91,2
1156,2021,8,SANTA FE,92,1
1157,2021,8,SANTA FE,93,2
1158,2021,8,SUBA,17,1
1159,2021,8,SUBA,18,1
1160,2021,8,SUBA,19,1
1161,2021,8,SUBA,2,2
1162,2021,8,SUBA,20,1
1163,2021,8,SUBA,23,2
1164,2021,8,SUBA,24,2
1165,2021,8,SUBA,25,1
1166,2021,8,SUBA,27,0
1167,2021,8,SUBA,28,1
1168,2021,8,SUBA,3,2
1169,2021,8,TEUSAQUILLO,100,1
1170,2021,8,TEUSAQUILLO,101,1
1171,2021,8,TEUSAQUILLO,106,1
1172,2021,8,TEUSAQUILLO,107,1
1173,2021,8,TUNJUELITO,42,1
1174,2021,8,USAQUÃ‰N,10,2
1175,2021,8,USAQUÃ‰N,11,1
1176,2021,8,USAQUÃ‰N,12,1
1177,2021,8,USAQUÃ‰N,13,2
1178,2021,8,USAQUÃ‰N,14,2
1179,2021,8,USAQUÃ‰N,15,1
1180,2021,8,USAQUÃ‰N,16,2
1181,2021,8,USAQUÃ‰N,9,1
1182,2021,8,USME,56,1
1183,2021,8,USME,57,1
1184,2021,8,USME,58,1
1185,2021,8,USME,61,0
1186,2021,9,ANTONIO NARIÃ‘O,35,1
1187,2021,9,ANTONIO NARIÃ‘O,38,1
1188,2021,9,BARRIOS UNIDOS,103,1
1189,2021,9,BARRIOS UNIDOS,21,1
1190,2021,9,BARRIOS UNIDOS,22,0
1191,2021,9,BARRIOS UNIDOS,98,2
1192,2021,9,BOSA,49,1
1193,2021,9,BOSA,84,1
1194,2021,9,BOSA,85,1
1195,2021,9,BOSA,86,1
1196,2021,9,BOSA,87,1
1197,2021,9,CANDELARIA,94,1
1198,2021,9,CHAPINERO,88,1
1199,2021,9,CHAPINERO,90,1
1200,2021,9,CHAPINERO,97,2
1201,2021,9,CHAPINERO,99,1
1202,2021,9,KENNEDY,113,1
1203,2021,9,KENNEDY,44,0
1204,2021,9,KENNEDY,45,1
1205,2021,9,KENNEDY,46,1
1206,2021,9,KENNEDY,48,1
1207,2021,9,KENNEDY,79,2
1208,2021,9,KENNEDY,81,1
1209,2021,9,PUENTE ARANDA,108,1
1210,2021,9,PUENTE ARANDA,111,1
1211,2021,9,PUENTE ARANDA,40,1
1212,2021,9,PUENTE ARANDA,41,1
1213,2021,9,RAFAEL URIBE URIBE,36,1
1214,2021,9,RAFAEL URIBE URIBE,39,1
1215,2021,9,RAFAEL URIBE URIBE,53,1
1216,2021,9,RAFAEL URIBE URIBE,54,1
1217,2021,9,SANTA FE,91,2
1218,2021,9,SANTA FE,92,1
1219,2021,9,SANTA FE,93,2
1220,2021,9,SUBA,17,1
1221,2021,9,SUBA,18,2
1222,2021,9,SUBA,19,1
1223,2021,9,SUBA,2,2
1224,2021,9,SUBA,20,1
1225,2021,9,SUBA,23,2
1226,2021,9,SUBA,24,2
1227,2021,9,SUBA,25,1
1228,2021,9,SUBA,27,0
1229,2021,9,SUBA,28,1
1230,2021,9,SUBA,3,1
1231,2021,9,TEUSAQUILLO,100,1
1232,2021,9,TEUSAQUILLO,101,1
1233,2021,9,TEUSAQUILLO,106,1
1234,2021,9,TEUSAQUILLO,107,2
1235,2021,9,TUNJUELITO,42,1
1236,2021,9,USAQUÃ‰N,10,2
1237,2021,9,USAQUÃ‰N,11,1
1238,2021,9,USAQUÃ‰N,12,1
1239,2021,9,USAQUÃ‰N,13,2
1240,2021,9,USAQUÃ‰N,14,2
1241,2021,9,USAQUÃ‰N,15,1
1242,2021,9,USAQUÃ‰N,16,2
1243,2021,9,USAQUÃ‰N,9,1
1244,2021,9,USME,56,0
1245,2021,9,USME,57,1
1246,2021,9,USME,58,1
1247,2021,9,USME,61,1
1248,2021,10,ANTONIO NARIÃ‘O,35,1
1249,2021,10,ANTONIO NARIÃ‘O,38,1
1250,2021,10,BARRIOS UNIDOS,103,1
1251,2021,10,BARRIOS UNIDOS,21,1
1252,2021,10,BARRIOS UNIDOS,22,1
1253,2021,10,BARRIOS UNIDOS,98,2
1254,2021,10,BOSA,49,1
1255,2021,10,BOSA,84,0
1256,2021,10,BOSA,85,0
1257,2021,10,BOSA,86,1
1258,2021,10,BOSA,87,1
1259,2021,10,CANDELARIA,94,1
1260,2021,10,CHAPINERO,88,1
1261,2021,10,CHAPINERO,90,1
1262,2021,10,CHAPINERO,97,2
1263,2021,10,CHAPINERO,99,1
1264,2021,10,KENNEDY,113,2
1265,2021,10,KENNEDY,44,1
1266,2021,10,KENNEDY,45,1
1267,2021,10,KENNEDY,46,1
1268,2021,10,KENNEDY,48,1
1269,2021,10,KENNEDY,79,2
1270,2021,10,KENNEDY,81,1
1271,2021,10,PUENTE ARANDA,108,0
1272,2021,10,PUENTE ARANDA,111,1
1273,2021,10,PUENTE ARANDA,40,1
1274,2021,10,PUENTE ARANDA,41,1
1275,2021,10,RAFAEL URIBE URIBE,36,1
1276,2021,10,RAFAEL URIBE URIBE,39,1
1277,2021,10,RAFAEL URIBE URIBE,53,1
1278,2021,10,RAFAEL URIBE URIBE,54,1
1279,2021,10,SANTA FE,91,2
1280,2021,10,SANTA FE,92,1
1281,2021,10,SANTA FE,93,2
1282,2021,10,SUBA,17,1
1283,2021,10,SUBA,18,2
1284,2021,10,SUBA,19,1
1285,2021,10,SUBA,2,2
1286,2021,10,SUBA,20,1
1287,2021,10,SUBA,23,2
1288,2021,10,SUBA,24,1
1289,2021,10,SUBA,25,1
1290,2021,10,SUBA,27,0
1291,2021,10,SUBA,28,1
1292,2021,10,SUBA,3,1
1293,2021,10,TEUSAQUILLO,100,1
1294,2021,10,TEUSAQUILLO,101,1
1295,2021,10,TEUSAQUILLO,106,1
1296,2021,10,TEUSAQUILLO,107,2
1297,2021,10,TUNJUELITO,42,1
1298,2021,10,USAQUÃ‰N,10,0
1299,2021,10,USAQUÃ‰N,11,1
1300,2021,10,USAQUÃ‰N,12,1
1301,2021,10,USAQUÃ‰N,13,2
1302,2021,10,USAQUÃ‰N,14,2
1303,2021,10,USAQUÃ‰N,15,1
1304,2021,10,USAQUÃ‰N,16,2
1305,2021,10,USAQUÃ‰N,9,1
1306,2021,10,USME,56,1
1307,2021,10,USME,57,0
1308,2021,10,USME,58,1
1309,2021,10,USME,61,0
1310,2021,11,ANTONIO NARIÃ‘O,35,1
1311,2021,11,ANTONIO NARIÃ‘O,38,1
1312,2021,11,BARRIOS UNIDOS,103,1
1313,2021,11,BARRIOS UNIDOS,21,1
1314,2021,11,BARRIOS UNIDOS,22,0
1315,2021,11,BARRIOS UNIDOS,98,2
1316,2021,11,BOSA,49,1
1317,2021,11,BOSA,84,0
1318,2021,11,BOSA,85,0
1319,2021,11,BOSA,86,1
1320,2021,11,BOSA,87,1
1321,2021,11,CANDELARIA,94,1
1322,2021,11,CHAPINERO,88,1
1323,2021,11,CHAPINERO,90,1
1324,2021,11,CHAPINERO,97,2
1325,2021,11,CHAPINERO,99,1
1326,2021,11,KENNEDY,113,1
1327,2021,11,KENNEDY,44,1
1328,2021,11,KENNEDY,45,1
1329,2021,11,KENNEDY,46,1
1330,2021,11,KENNEDY,48,1
1331,2021,11,KENNEDY,79,0
1332,2021,11,KENNEDY,81,1
1333,2021,11,PUENTE ARANDA,108,0
1334,2021,11,PUENTE ARANDA,111,1
1335,2021,11,PUENTE ARANDA,40,1
1336,2021,11,PUENTE ARANDA,41,1
1337,2021,11,RAFAEL URIBE URIBE,36,1
1338,2021,11,RAFAEL URIBE URIBE,39,1
1339,2021,11,RAFAEL URIBE URIBE,53,1
1340,2021,11,RAFAEL URIBE URIBE,54,1
1341,2021,11,SANTA FE,91,2
1342,2021,11,SANTA FE,92,1
1343,2021,11,SANTA FE,93,2
1344,2021,11,SUBA,17,1
1345,2021,11,SUBA,18,2
1346,2021,11,SUBA,19,1
1347,2021,11,SUBA,2,1
1348,2021,11,SUBA,20,2
1349,2021,11,SUBA,23,1
1350,2021,11,SUBA,24,2
1351,2021,11,SUBA,25,1
1352,2021,11,SUBA,27,0
1353,2021,11,SUBA,28,1
1354,2021,11,SUBA,3,1
1355,2021,11,TEUSAQUILLO,100,1
1356,2021,11,TEUSAQUILLO,106,1
1357,2021,11,TEUSAQUILLO,107,2
1358,2021,11,TUNJUELITO,42,1
1359,2021,11,USAQUÃ‰N,10,0
1360,2021,11,USAQUÃ‰N,11,1
1361,2021,11,USAQUÃ‰N,12,1
1362,2021,11,USAQUÃ‰N,13,2
1363,2021,11,USAQUÃ‰N,14,2
1364,2021,11,USAQUÃ‰N,15,1
1365,2021,11,USAQUÃ‰N,16,2
1366,2021,11,USAQUÃ‰N,9,1
1367,2021,11,USME,56,1
1368,2021,11,USME,57,0
1369,2021,11,USME,58,1
1370,2021,11,USME,61,1
1371,2021,12,ANTONIO NARIÃ‘O,35,1
1372,2021,12,ANTONIO NARIÃ‘O,38,1
1373,2021,12,BARRIOS UNIDOS,103,1
1374,2021,12,BARRIOS UNIDOS,21,1
1375,2021,12,BARRIOS UNIDOS,22,1
1376,2021,12,BARRIOS UNIDOS,98,2
1377,2021,12,BOSA,49,1
1378,2021,12,BOSA,84,0
1379,2021,12,BOSA,85,0
1380,2021,12,BOSA,86,1
1381,2021,12,BOSA,87,1
1382,2021,12,CANDELARIA,94,1
1383,2021,12,CHAPINERO,88,1
1384,2021,12,CHAPINERO,90,1
1385,2021,12,CHAPINERO,97,2
1386,2021,12,CHAPINERO,99,1
1387,2021,12,KENNEDY,113,2
1388,2021,12,KENNEDY,44,1
1389,2021,12,KENNEDY,45,1
1390,2021,12,KENNEDY,46,2
1391,2021,12,KENNEDY,48,1
1392,2021,12,KENNEDY,79,2
1393,2021,12,KENNEDY,81,1
1394,2021,12,PUENTE ARANDA,108,1
1395,2021,12,PUENTE ARANDA,111,1
1396,2021,12,PUENTE ARANDA,40,1
1397,2021,12,PUENTE ARANDA,41,1
1398,2021,12,RAFAEL URIBE URIBE,36,1
1399,2021,12,RAFAEL URIBE URIBE,39,1
1400,2021,12,RAFAEL URIBE URIBE,53,1
1401,2021,12,RAFAEL URIBE URIBE,54,1
1402,2021,12,SANTA FE,91,2
1403,2021,12,SANTA FE,92,1
1404,2021,12,SANTA FE,93,2
1405,2021,12,SUBA,17,0
1406,2021,12,SUBA,18,2
1407,2021,12,SUBA,19,1
1408,2021,12,SUBA,2,1
1409,2021,12,SUBA,20,1
1410,2021,12,SUBA,23,2
1411,2021,12,SUBA,24,1
1412,2021,12,SUBA,25,1
1413,2021,12,SUBA,27,0
1414,2021,12,SUBA,28,1
1415,2021,12,SUBA,3,1
1416,2021,12,TEUSAQUILLO,100,1
1417,2021,12,TEUSAQUILLO,106,1
1418,2021,12,TEUSAQUILLO,107,2
1419,2021,12,TUNJUELITO,42,1
1420,2021,12,USAQUÃ‰N,10,2
1421,2021,12,USAQUÃ‰N,11,1
1422,2021,12,USAQUÃ‰N,12,1
1423,2021,12,USAQUÃ‰N,13,2
1424,2021,12,USAQUÃ‰N,14,2
1425,2021,12,USAQUÃ‰N,15,1
1426,2021,12,USAQUÃ‰N,16,2
1427,2021,12,USAQUÃ‰N,9,1
1428,2021,12,USME,56,1
1429,2021,12,USME,57,0
1430,2021,12,USME,58,1
1431,2021,12,USME,61,1
1432,2022,1,ANTONIO NARIÃ‘O,35,1
1433,2022,1,ANTONIO NARIÃ‘O,38,1
1434,2022,1,BARRIOS UNIDOS,103,1
1435,2022,1,BARRIOS UNIDOS,21,1
1436,2022,1,BARRIOS UNIDOS,22,1
1437,2022,1,BARRIOS UNIDOS,98,2
1438,2022,1,BOSA,49,1
1439,2022,1,BOSA,84,1
1440,2022,1,BOSA,85,0
1441,2022,1,BOSA,86,1
1442,2022,1,BOSA,87,0
1443,2022,1,CANDELARIA,94,1
1444,2022,1,CHAPINERO,88,1
1445,2022,1,CHAPINERO,90,2
1446,2022,1,CHAPINERO,97,2
1447,2022,1,CHAPINERO,99,1
1448,2022,1,KENNEDY,113,2
1449,2022,1,KENNEDY,44,1
1450,2022,1,KENNEDY,45,1
1451,2022,1,KENNEDY,46,1
1452,2022,1,KENNEDY,48,1
1453,2022,1,KENNEDY,79,2
1454,2022,1,KENNEDY,81,1
1455,2022,1,PUENTE ARANDA,108,2
1456,2022,1,PUENTE ARANDA,111,1
1457,2022,1,PUENTE ARANDA,40,1
1458,2022,1,PUENTE ARANDA,41,1
1459,2022,1,RAFAEL URIBE URIBE,36,1
1460,2022,1,RAFAEL URIBE URIBE,39,1
1461,2022,1,RAFAEL URIBE URIBE,53,1
1462,2022,1,RAFAEL URIBE URIBE,54,0
1463,2022,1,SANTA FE,91,2
1464,2022,1,SANTA FE,92,1
1465,2022,1,SANTA FE,93,2
1466,2022,1,SUBA,17,2
1467,2022,1,SUBA,18,1
1468,2022,1,SUBA,19,1
1469,2022,1,SUBA,2,1
1470,2022,1,SUBA,20,1
1471,2022,1,SUBA,23,2
1472,2022,1,SUBA,24,1
1473,2022,1,SUBA,25,1
1474,2022,1,SUBA,27,0
1475,2022,1,SUBA,28,1
1476,2022,1,SUBA,3,1
1477,2022,1,TEUSAQUILLO,100,1
1478,2022,1,TEUSAQUILLO,106,1
1479,2022,1,TEUSAQUILLO,107,2
1480,2022,1,TUNJUELITO,42,1
1481,2022,1,USAQUÃ‰N,10,2
1482,2022,1,USAQUÃ‰N,11,1
1483,2022,1,USAQUÃ‰N,12,1
1484,2022,1,USAQUÃ‰N,13,2
1485,2022,1,USAQUÃ‰N,14,2
1486,2022,1,USAQUÃ‰N,15,1
1487,2022,1,USAQUÃ‰N,16,2
1488,2022,1,USAQUÃ‰N,9,1
1489,2022,1,USME,56,1
1490,2022,1,USME,57,0
1491,2022,1,USME,58,1
1492,2022,1,USME,61,1
1493,2022,2,ANTONIO NARIÃ‘O,38,1
1494,2022,2,BARRIOS UNIDOS,103,1
1495,2022,2,BARRIOS UNIDOS,21,1
1496,2022,2,BARRIOS UNIDOS,22,0
1497,2022,2,BARRIOS UNIDOS,98,2
1498,2022,2,BOSA,49,1
1499,2022,2,BOSA,84,1
1500,2022,2,BOSA,85,0
1501,2022,2,BOSA,86,1
1502,2022,2,BOSA,87,0
1503,2022,2,CANDELARIA,94,1
1504,2022,2,CHAPINERO,88,1
1505,2022,2,CHAPINERO,90,2
1506,2022,2,CHAPINERO,97,2
1507,2022,2,CHAPINERO,99,1
1508,2022,2,KENNEDY,113,2
1509,2022,2,KENNEDY,44,2
1510,2022,2,KENNEDY,45,1
1511,2022,2,KENNEDY,46,1
1512,2022,2,KENNEDY,48,1
1513,2022,2,KENNEDY,79,1
1514,2022,2,KENNEDY,81,1
1515,2022,2,PUENTE ARANDA,108,1
1516,2022,2,PUENTE ARANDA,111,1
1517,2022,2,PUENTE ARANDA,40,1
1518,2022,2,PUENTE ARANDA,41,1
1519,2022,2,RAFAEL URIBE URIBE,36,1
1520,2022,2,RAFAEL URIBE URIBE,39,1
1521,2022,2,RAFAEL URIBE URIBE,53,1
1522,2022,2,RAFAEL URIBE URIBE,54,1
1523,2022,2,SANTA FE,91,2
1524,2022,2,SANTA FE,92,1
1525,2022,2,SANTA FE,93,2
1526,2022,2,SUBA,17,2
1527,2022,2,SUBA,18,1
1528,2022,2,SUBA,19,1
1529,2022,2,SUBA,2,1
1530,2022,2,SUBA,20,2
1531,2022,2,SUBA,23,2
1532,2022,2,SUBA,24,1
1533,2022,2,SUBA,25,1
1534,2022,2,SUBA,27,0
1535,2022,2,SUBA,28,1
1536,2022,2,SUBA,3,1
1537,2022,2,TEUSAQUILLO,100,1
1538,2022,2,TEUSAQUILLO,106,1
1539,2022,2,TEUSAQUILLO,107,2
1540,2022,2,TUNJUELITO,42,1
1541,2022,2,USAQUÃ‰N,10,2
1542,2022,2,USAQUÃ‰N,11,1
1543,2022,2,USAQUÃ‰N,12,1
1544,2022,2,USAQUÃ‰N,13,2
1545,2022,2,USAQUÃ‰N,14,2
1546,2022,2,USAQUÃ‰N,15,1
1547,2022,2,USAQUÃ‰N,16,2
1548,2022,2,USAQUÃ‰N,9,1
1549,2022,2,USME,56,1
1550,2022,2,USME,57,0
1551,2022,2,USME,58,1
1552,2022,2,USME,61,0
1553,2022,3,ANTONIO NARIÃ‘O,38,1
1554,2022,3,BARRIOS UNIDOS,103,1
1555,2022,3,BARRIOS UNIDOS,21,1
1556,2022,3,BARRIOS UNIDOS,22,1
1557,2022,3,BARRIOS UNIDOS,98,2
1558,2022,3,BOSA,49,1
1559,2022,3,BOSA,84,1
1560,2022,3,BOSA,85,1
1561,2022,3,BOSA,86,1
1562,2022,3,BOSA,87,0
1563,2022,3,CANDELARIA,94,1
1564,2022,3,CHAPINERO,88,1
1565,2022,3,CHAPINERO,90,1
1566,2022,3,CHAPINERO,97,2
1567,2022,3,CHAPINERO,99,1
1568,2022,3,KENNEDY,113,1
1569,2022,3,KENNEDY,44,2
1570,2022,3,KENNEDY,45,1
1571,2022,3,KENNEDY,46,1
1572,2022,3,KENNEDY,48,1
1573,2022,3,KENNEDY,79,1
1574,2022,3,KENNEDY,81,1
1575,2022,3,PUENTE ARANDA,108,1
1576,2022,3,PUENTE ARANDA,111,1
1577,2022,3,PUENTE ARANDA,40,1
1578,2022,3,PUENTE ARANDA,41,1
1579,2022,3,RAFAEL URIBE URIBE,39,1
1580,2022,3,RAFAEL URIBE URIBE,53,1
1581,2022,3,RAFAEL URIBE URIBE,54,0
1582,2022,3,SANTA FE,91,2
1583,2022,3,SANTA FE,92,1
1584,2022,3,SANTA FE,93,1
1585,2022,3,SUBA,17,2
1586,2022,3,SUBA,18,1
1587,2022,3,SUBA,19,1
1588,2022,3,SUBA,2,1
1589,2022,3,SUBA,20,1
1590,2022,3,SUBA,23,2
1591,2022,3,SUBA,24,1
1592,2022,3,SUBA,25,1
1593,2022,3,SUBA,27,0
1594,2022,3,SUBA,28,1
1595,2022,3,SUBA,3,0
1596,2022,3,TEUSAQUILLO,100,1
1597,2022,3,TEUSAQUILLO,106,1
1598,2022,3,TEUSAQUILLO,107,2
1599,2022,3,TUNJUELITO,42,1
1600,2022,3,USAQUÃ‰N,10,2
1601,2022,3,USAQUÃ‰N,11,1
1602,2022,3,USAQUÃ‰N,12,1
1603,2022,3,USAQUÃ‰N,13,2
1604,2022,3,USAQUÃ‰N,14,2
1605,2022,3,USAQUÃ‰N,15,1
1606,2022,3,USAQUÃ‰N,16,2
1607,2022,3,USAQUÃ‰N,9,1
1608,2022,3,USME,56,1
1609,2022,3,USME,57,1
1610,2022,3,USME,58,1
1611,2022,3,USME,61,1
1612,2022,4,ANTONIO NARIÃ‘O,38,1
1613,2022,4,BARRIOS UNIDOS,103,1
1614,2022,4,BARRIOS UNIDOS,21,1
1615,2022,4,BARRIOS UNIDOS,22,1
1616,2022,4,BARRIOS UNIDOS,98,2
1617,2022,4,BOSA,49,1
1618,2022,4,BOSA,84,1
1619,2022,4,BOSA,85,1
1620,2022,4,BOSA,87,0
1621,2022,4,CANDELARIA,94,1
1622,2022,4,CHAPINERO,88,1
1623,2022,4,CHAPINERO,90,1
1624,2022,4,CHAPINERO,97,2
1625,2022,4,CHAPINERO,99,1
1626,2022,4,KENNEDY,113,2
1627,2022,4,KENNEDY,44,2
1628,2022,4,KENNEDY,45,1
1629,2022,4,KENNEDY,46,0
1630,2022,4,KENNEDY,48,1
1631,2022,4,KENNEDY,79,1
1632,2022,4,KENNEDY,80,0
1633,2022,4,KENNEDY,81,1
1634,2022,4,PUENTE ARANDA,108,1
1635,2022,4,PUENTE ARANDA,111,2
1636,2022,4,PUENTE ARANDA,40,1
1637,2022,4,PUENTE ARANDA,41,1
1638,2022,4,RAFAEL URIBE URIBE,39,1
1639,2022,4,RAFAEL URIBE URIBE,53,1
1640,2022,4,RAFAEL URIBE URIBE,54,0
1641,2022,4,SANTA FE,91,2
1642,2022,4,SANTA FE,92,1
1643,2022,4,SANTA FE,93,1
1644,2022,4,SUBA,17,0
1645,2022,4,SUBA,18,1
1646,2022,4,SUBA,19,1
1647,2022,4,SUBA,2,1
1648,2022,4,SUBA,20,1
1649,2022,4,SUBA,23,2
1650,2022,4,SUBA,24,1
1651,2022,4,SUBA,25,1
1652,2022,4,SUBA,27,0
1653,2022,4,SUBA,28,1
1654,2022,4,SUBA,3,0
1655,2022,4,TEUSAQUILLO,100,1
1656,2022,4,TEUSAQUILLO,101,1
1657,2022,4,TEUSAQUILLO,106,1
1658,2022,4,TEUSAQUILLO,107,2
1659,2022,4,TUNJUELITO,42,1
1660,2022,4,USAQUÃ‰N,10,2
1661,2022,4,USAQUÃ‰N,11,1
1662,2022,4,USAQUÃ‰N,12,1
1663,2022,4,USAQUÃ‰N,13,2
1664,2022,4,USAQUÃ‰N,14,2
1665,2022,4,USAQUÃ‰N,15,1
1666,2022,4,USAQUÃ‰N,16,2
1667,2022,4,USAQUÃ‰N,9,1
1668,2022,4,USME,56,1
1669,2022,4,USME,57,1
1670,2022,4,USME,58,1
1671,2022,4,USME,61,1
1672,2022,5,ANTONIO NARIÃ‘O,35,1
1673,2022,5,ANTONIO NARIÃ‘O,38,1
1674,2022,5,BARRIOS UNIDOS,103,1
1675,2022,5,BARRIOS UNIDOS,21,1
1676,2022,5,BARRIOS UNIDOS,22,1
1677,2022,5,BARRIOS UNIDOS,98,2
1678,2022,5,BOSA,49,1
1679,2022,5,BOSA,84,1
1680,2022,5,BOSA,85,1
1681,2022,5,BOSA,87,0
1682,2022,5,CANDELARIA,94,1
1683,2022,5,CHAPINERO,88,1
1684,2022,5,CHAPINERO,90,2
1685,2022,5,CHAPINERO,97,2
1686,2022,5,CHAPINERO,99,1
1687,2022,5,KENNEDY,113,2
1688,2022,5,KENNEDY,44,2
1689,2022,5,KENNEDY,45,0
1690,2022,5,KENNEDY,46,0
1691,2022,5,KENNEDY,48,1
1692,2022,5,KENNEDY,79,2
1693,2022,5,KENNEDY,80,1
1694,2022,5,KENNEDY,81,1
1695,2022,5,PUENTE ARANDA,108,1
1696,2022,5,PUENTE ARANDA,111,1
1697,2022,5,PUENTE ARANDA,40,0
1698,2022,5,PUENTE ARANDA,41,1
1699,2022,5,RAFAEL URIBE URIBE,39,1
1700,2022,5,RAFAEL URIBE URIBE,53,1
1701,2022,5,RAFAEL URIBE URIBE,54,0
1702,2022,5,SANTA FE,91,2
1703,2022,5,SANTA FE,92,1
1704,2022,5,SANTA FE,93,1
1705,2022,5,SUBA,17,2
1706,2022,5,SUBA,18,1
1707,2022,5,SUBA,19,1
1708,2022,5,SUBA,2,2
1709,2022,5,SUBA,20,1
1710,2022,5,SUBA,23,2
1711,2022,5,SUBA,24,1
1712,2022,5,SUBA,25,1
1713,2022,5,SUBA,27,0
1714,2022,5,SUBA,28,1
1715,2022,5,SUBA,3,1
1716,2022,5,TEUSAQUILLO,100,1
1717,2022,5,TEUSAQUILLO,101,1
1718,2022,5,TEUSAQUILLO,106,1
1719,2022,5,TEUSAQUILLO,107,2
1720,2022,5,TUNJUELITO,42,1
1721,2022,5,USAQUÃ‰N,10,2
1722,2022,5,USAQUÃ‰N,11,1
1723,2022,5,USAQUÃ‰N,12,1
1724,2022,5,USAQUÃ‰N,13,2
1725,2022,5,USAQUÃ‰N,14,2
1726,2022,5,USAQUÃ‰N,15,1
1727,2022,5,USAQUÃ‰N,16,2
1728,2022,5,USAQUÃ‰N,9,1
1729,2022,5,USME,56,1
1730,2022,5,USME,57,1
1731,2022,5,USME,58,1
1732,2022,5,USME,61,1
1733,2022,6,ANTONIO NARIÃ‘O,35,1
1734,2022,6,ANTONIO NARIÃ‘O,38,1
1735,2022,6,BARRIOS UNIDOS,103,1
1736,2022,6,BARRIOS UNIDOS,21,1
1737,2022,6,BARRIOS UNIDOS,22,1
1738,2022,6,BARRIOS UNIDOS,98,2
1739,2022,6,BOSA,49,1
1740,2022,6,BOSA,84,1
1741,2022,6,BOSA,85,0
1742,2022,6,BOSA,86,1
1743,2022,6,BOSA,87,0
1744,2022,6,CANDELARIA,94,1
1745,2022,6,CHAPINERO,88,1
1746,2022,6,CHAPINERO,90,2
1747,2022,6,CHAPINERO,97,2
1748,2022,6,CHAPINERO,99,1
1749,2022,6,KENNEDY,113,2
1750,2022,6,KENNEDY,44,2
1751,2022,6,KENNEDY,45,1
1752,2022,6,KENNEDY,46,1
1753,2022,6,KENNEDY,48,1
1754,2022,6,KENNEDY,79,1
1755,2022,6,KENNEDY,80,1
1756,2022,6,KENNEDY,81,1
1757,2022,6,PUENTE ARANDA,108,1
1758,2022,6,PUENTE ARANDA,111,1
1759,2022,6,PUENTE ARANDA,40,1
1760,2022,6,PUENTE ARANDA,41,1
1761,2022,6,RAFAEL URIBE URIBE,39,1
1762,2022,6,RAFAEL URIBE URIBE,53,1
1763,2022,6,RAFAEL URIBE URIBE,54,0
1764,2022,6,SANTA FE,91,2
1765,2022,6,SANTA FE,92,1
1766,2022,6,SANTA FE,93,0
1767,2022,6,SUBA,17,0
1768,2022,6,SUBA,18,1
1769,2022,6,SUBA,19,1
1770,2022,6,SUBA,2,2
1771,2022,6,SUBA,20,1
1772,2022,6,SUBA,23,1
1773,2022,6,SUBA,24,1
1774,2022,6,SUBA,25,1
1775,2022,6,SUBA,27,1
1776,2022,6,SUBA,28,1
1777,2022,6,SUBA,3,1
1778,2022,6,TEUSAQUILLO,100,1
1779,2022,6,TEUSAQUILLO,101,1
1780,2022,6,TEUSAQUILLO,106,1
1781,2022,6,TEUSAQUILLO,107,2
1782,2022,6,TUNJUELITO,42,1
1783,2022,6,USAQUÃ‰N,10,2
1784,2022,6,USAQUÃ‰N,11,1
1785,2022,6,USAQUÃ‰N,13,2
1786,2022,6,USAQUÃ‰N,14,2
1787,2022,6,USAQUÃ‰N,15,1
1788,2022,6,USAQUÃ‰N,16,2
1789,2022,6,USAQUÃ‰N,9,1
1790,2022,6,USME,56,0
1791,2022,6,USME,57,1
1792,2022,6,USME,58,1
1793,2022,6,USME,61,1
1794,2022,7,ANTONIO NARIÃ‘O,35,1
1795,2022,7,ANTONIO NARIÃ‘O,38,1
1796,2022,7,BARRIOS UNIDOS,103,1
1797,2022,7,BARRIOS UNIDOS,21,1
1798,2022,7,BARRIOS UNIDOS,22,1
1799,2022,7,BARRIOS UNIDOS,98,2
1800,2022,7,BOSA,49,1
1801,2022,7,BOSA,84,1
1802,2022,7,BOSA,85,0
1803,2022,7,BOSA,86,1
1804,2022,7,BOSA,87,0
1805,2022,7,CANDELARIA,94,1
1806,2022,7,CHAPINERO,88,1
1807,2022,7,CHAPINERO,90,2
1808,2022,7,CHAPINERO,97,1
1809,2022,7,CHAPINERO,99,1
1810,2022,7,KENNEDY,113,2
1811,2022,7,KENNEDY,44,2
1812,2022,7,KENNEDY,45,1
1813,2022,7,KENNEDY,46,0
1814,2022,7,KENNEDY,48,1
1815,2022,7,KENNEDY,79,1
1816,2022,7,KENNEDY,80,1
1817,2022,7,KENNEDY,81,1
1818,2022,7,PUENTE ARANDA,108,1
1819,2022,7,PUENTE ARANDA,111,1
1820,2022,7,PUENTE ARANDA,40,0
1821,2022,7,PUENTE ARANDA,41,1
1822,2022,7,RAFAEL URIBE URIBE,39,1
1823,2022,7,RAFAEL URIBE URIBE,53,1
1824,2022,7,RAFAEL URIBE URIBE,54,0
1825,2022,7,SANTA FE,91,2
1826,2022,7,SANTA FE,92,1
1827,2022,7,SANTA FE,93,1
1828,2022,7,SUBA,17,0
1829,2022,7,SUBA,18,1
1830,2022,7,SUBA,19,2
1831,2022,7,SUBA,2,2
1832,2022,7,SUBA,20,1
1833,2022,7,SUBA,23,1
1834,2022,7,SUBA,24,1
1835,2022,7,SUBA,25,1
1836,2022,7,SUBA,27,1
1837,2022,7,SUBA,28,1
1838,2022,7,SUBA,3,1
1839,2022,7,TEUSAQUILLO,100,1
1840,2022,7,TEUSAQUILLO,101,1
1841,2022,7,TEUSAQUILLO,106,1
1842,2022,7,TEUSAQUILLO,107,2
1843,2022,7,TUNJUELITO,42,1
1844,2022,7,USAQUÃ‰N,10,2
1845,2022,7,USAQUÃ‰N,11,1
1846,2022,7,USAQUÃ‰N,13,2
1847,2022,7,USAQUÃ‰N,14,2
1848,2022,7,USAQUÃ‰N,15,1
1849,2022,7,USAQUÃ‰N,16,2
1850,2022,7,USAQUÃ‰N,9,1
1851,2022,7,USME,56,0
1852,2022,7,USME,57,1
1853,2022,7,USME,58,1
1854,2022,7,USME,61,1
1855,2022,8,ANTONIO NARIÃ‘O,35,1
1856,2022,8,ANTONIO NARIÃ‘O,38,1
1857,2022,8,BARRIOS UNIDOS,103,1
1858,2022,8,BARRIOS UNIDOS,21,1
1859,2022,8,BARRIOS UNIDOS,22,1
1860,2022,8,BARRIOS UNIDOS,98,2
1861,2022,8,BOSA,49,1
1862,2022,8,BOSA,84,1
1863,2022,8,BOSA,85,1
1864,2022,8,BOSA,86,1
1865,2022,8,BOSA,87,0
1866,2022,8,CANDELARIA,94,1
1867,2022,8,CHAPINERO,88,1
1868,2022,8,CHAPINERO,90,1
1869,2022,8,CHAPINERO,97,2
1870,2022,8,CHAPINERO,99,1
1871,2022,8,KENNEDY,113,2
1872,2022,8,KENNEDY,44,2
1873,2022,8,KENNEDY,45,1
1874,2022,8,KENNEDY,46,1
1875,2022,8,KENNEDY,48,1
1876,2022,8,KENNEDY,79,1
1877,2022,8,KENNEDY,80,1
1878,2022,8,KENNEDY,81,1
1879,2022,8,PUENTE ARANDA,108,1
1880,2022,8,PUENTE ARANDA,111,1
1881,2022,8,PUENTE ARANDA,40,1
1882,2022,8,PUENTE ARANDA,41,1
1883,2022,8,RAFAEL URIBE URIBE,39,1
1884,2022,8,RAFAEL URIBE URIBE,53,1
1885,2022,8,RAFAEL URIBE URIBE,54,1
1886,2022,8,SANTA FE,91,2
1887,2022,8,SANTA FE,92,1
1888,2022,8,SANTA FE,93,1
1889,2022,8,SUBA,17,0
1890,2022,8,SUBA,18,1
1891,2022,8,SUBA,19,1
1892,2022,8,SUBA,2,2
1893,2022,8,SUBA,20,1
1894,2022,8,SUBA,23,1
1895,2022,8,SUBA,24,1
1896,2022,8,SUBA,25,1
1897,2022,8,SUBA,27,1
1898,2022,8,SUBA,28,1
1899,2022,8,SUBA,3,0
1900,2022,8,TEUSAQUILLO,100,1
1901,2022,8,TEUSAQUILLO,101,1
1902,2022,8,TEUSAQUILLO,106,1
1903,2022,8,TEUSAQUILLO,107,2
1904,2022,8,TEUSAQUILLO,109,1
1905,2022,8,TUNJUELITO,42,1
1906,2022,8,USAQUÃ‰N,10,2
1907,2022,8,USAQUÃ‰N,11,1
1908,2022,8,USAQUÃ‰N,13,2
1909,2022,8,USAQUÃ‰N,14,2
1910,2022,8,USAQUÃ‰N,15,1
1911,2022,8,USAQUÃ‰N,16,2
1912,2022,8,USAQUÃ‰N,9,1
1913,2022,8,USME,56,1
1914,2022,8,USME,57,1
1915,2022,8,USME,58,1
1916,2022,8,USME,61,1
1917,2022,9,ANTONIO NARIÃ‘O,35,1
1918,2022,9,ANTONIO NARIÃ‘O,38,1
1919,2022,9,BARRIOS UNIDOS,103,1
1920,2022,9,BARRIOS UNIDOS,21,1
1921,2022,9,BARRIOS UNIDOS,22,1
1922,2022,9,BARRIOS UNIDOS,98,2
1923,2022,9,BOSA,49,1
1924,2022,9,BOSA,84,1
1925,2022,9,BOSA,85,0
1926,2022,9,BOSA,86,1
1927,2022,9,BOSA,87,0
1928,2022,9,CANDELARIA,94,2
1929,2022,9,CHAPINERO,88,1
1930,2022,9,CHAPINERO,90,1
1931,2022,9,CHAPINERO,97,2
1932,2022,9,CHAPINERO,99,1
1933,2022,9,KENNEDY,113,2
1934,2022,9,KENNEDY,44,2
1935,2022,9,KENNEDY,45,1
1936,2022,9,KENNEDY,46,0
1937,2022,9,KENNEDY,48,1
1938,2022,9,KENNEDY,79,2
1939,2022,9,KENNEDY,80,1
1940,2022,9,KENNEDY,81,1
1941,2022,9,PUENTE ARANDA,108,2
1942,2022,9,PUENTE ARANDA,111,1
1943,2022,9,PUENTE ARANDA,40,1
1944,2022,9,PUENTE ARANDA,41,1
1945,2022,9,RAFAEL URIBE URIBE,39,1
1946,2022,9,RAFAEL URIBE URIBE,53,1
1947,2022,9,RAFAEL URIBE URIBE,54,0
1948,2022,9,SANTA FE,91,2
1949,2022,9,SANTA FE,92,1
1950,2022,9,SANTA FE,93,1
1951,2022,9,SUBA,17,0
1952,2022,9,SUBA,18,1
1953,2022,9,SUBA,19,1
1954,2022,9,SUBA,2,2
1955,2022,9,SUBA,20,1
1956,2022,9,SUBA,23,2
1957,2022,9,SUBA,24,1
1958,2022,9,SUBA,25,1
1959,2022,9,SUBA,27,1
1960,2022,9,SUBA,28,1
1961,2022,9,SUBA,3,2
1962,2022,9,TEUSAQUILLO,100,1
1963,2022,9,TEUSAQUILLO,101,1
1964,2022,9,TEUSAQUILLO,106,1
1965,2022,9,TEUSAQUILLO,107,2
1966,2022,9,TEUSAQUILLO,109,1
1967,2022,9,TUNJUELITO,42,1
1968,2022,9,USAQUÃ‰N,10,2
1969,2022,9,USAQUÃ‰N,11,0
1970,2022,9,USAQUÃ‰N,13,2
1971,2022,9,USAQUÃ‰N,14,2
1972,2022,9,USAQUÃ‰N,15,1
1973,2022,9,USAQUÃ‰N,16,2
1974,2022,9,USAQUÃ‰N,9,1
1975,2022,9,USME,56,1
1976,2022,9,USME,57,1
1977,2022,9,USME,58,1
1978,2022,9,USME,61,1
1979,2022,10,ANTONIO NARIÃ‘O,35,1
1980,2022,10,ANTONIO NARIÃ‘O,38,1
1981,2022,10,BARRIOS UNIDOS,103,1
1982,2022,10,BARRIOS UNIDOS,21,1
1983,2022,10,BARRIOS UNIDOS,22,1
1984,2022,10,BARRIOS UNIDOS,98,2
1985,2022,10,BOSA,49,1
1986,2022,10,BOSA,84,1
1987,2022,10,BOSA,85,0
1988,2022,10,BOSA,86,1
1989,2022,10,BOSA,87,0
1990,2022,10,CANDELARIA,94,1
1991,2022,10,CHAPINERO,88,1
1992,2022,10,CHAPINERO,90,1
1993,2022,10,CHAPINERO,97,2
1994,2022,10,CHAPINERO,99,1
1995,2022,10,KENNEDY,113,2
1996,2022,10,KENNEDY,44,2
1997,2022,10,KENNEDY,45,1
1998,2022,10,KENNEDY,46,1
1999,2022,10,KENNEDY,48,1
2000,2022,10,KENNEDY,79,2
2001,2022,10,KENNEDY,80,0
2002,2022,10,PUENTE ARANDA,108,0
2003,2022,10,PUENTE ARANDA,111,1
2004,2022,10,PUENTE ARANDA,40,1
2005,2022,10,PUENTE ARANDA,41,1
2006,2022,10,RAFAEL URIBE URIBE,39,1
2007,2022,10,RAFAEL URIBE URIBE,53,1
2008,2022,10,RAFAEL URIBE URIBE,54,1
2009,2022,10,SANTA FE,91,2
2010,2022,10,SANTA FE,92,1
2011,2022,10,SANTA FE,93,1
2012,2022,10,SUBA,17,0
2013,2022,10,SUBA,18,1
2014,2022,10,SUBA,19,1
2015,2022,10,SUBA,2,2
2016,2022,10,SUBA,20,1
2017,2022,10,SUBA,23,1
2018,2022,10,SUBA,24,1
2019,2022,10,SUBA,25,1
2020,2022,10,SUBA,27,1
2021,2022,10,SUBA,28,1
2022,2022,10,SUBA,3,2
2023,2022,10,TEUSAQUILLO,100,1
2024,2022,10,TEUSAQUILLO,101,1
2025,2022,10,TEUSAQUILLO,106,1
2026,2022,10,TEUSAQUILLO,107,2
2027,2022,10,TEUSAQUILLO,109,1
2028,2022,10,TUNJUELITO,42,1
2029,2022,10,USAQUÃ‰N,10,2
2030,2022,10,USAQUÃ‰N,11,1
2031,2022,10,USAQUÃ‰N,13,2
2032,2022,10,USAQUÃ‰N,14,2
2033,2022,10,USAQUÃ‰N,15,1
2034,2022,10,USAQUÃ‰N,16,2
2035,2022,10,USAQUÃ‰N,9,1
2036,2022,10,USME,56,1
2037,2022,10,USME,57,1
2038,2022,10,USME,58,1
2039,2022,10,USME,61,1
2040,2022,11,ANTONIO NARIÃ‘O,35,1
2041,2022,11,ANTONIO NARIÃ‘O,38,1
2042,2022,11,BARRIOS UNIDOS,103,1
2043,2022,11,BARRIOS UNIDOS,21,1
2044,2022,11,BARRIOS UNIDOS,22,1
2045,2022,11,BARRIOS UNIDOS,98,2
2046,2022,11,BOSA,84,1
2047,2022,11,BOSA,85,0
2048,2022,11,BOSA,86,1
2049,2022,11,BOSA,87,0
2050,2022,11,CANDELARIA,94,1
2051,2022,11,CHAPINERO,88,1
2052,2022,11,CHAPINERO,90,2
2053,2022,11,CHAPINERO,97,2
2054,2022,11,CHAPINERO,99,1
2055,2022,11,KENNEDY,113,2
2056,2022,11,KENNEDY,44,2
2057,2022,11,KENNEDY,45,1
2058,2022,11,KENNEDY,46,1
2059,2022,11,KENNEDY,48,1
2060,2022,11,KENNEDY,79,1
2061,2022,11,KENNEDY,80,1
2062,2022,11,PUENTE ARANDA,108,1
2063,2022,11,PUENTE ARANDA,111,1
2064,2022,11,PUENTE ARANDA,40,1
2065,2022,11,PUENTE ARANDA,41,1
2066,2022,11,RAFAEL URIBE URIBE,39,1
2067,2022,11,RAFAEL URIBE URIBE,53,1
2068,2022,11,RAFAEL URIBE URIBE,54,0
2069,2022,11,SANTA FE,91,2
2070,2022,11,SANTA FE,92,1
2071,2022,11,SANTA FE,93,1
2072,2022,11,SUBA,17,0
2073,2022,11,SUBA,18,1
2074,2022,11,SUBA,19,1
2075,2022,11,SUBA,2,2
2076,2022,11,SUBA,20,1
2077,2022,11,SUBA,23,1
2078,2022,11,SUBA,24,1
2079,2022,11,SUBA,25,2
2080,2022,11,SUBA,27,1
2081,2022,11,SUBA,28,1
2082,2022,11,SUBA,3,2
2083,2022,11,TEUSAQUILLO,100,0
2084,2022,11,TEUSAQUILLO,101,1
2085,2022,11,TEUSAQUILLO,106,1
2086,2022,11,TEUSAQUILLO,107,2
2087,2022,11,TEUSAQUILLO,109,1
2088,2022,11,TUNJUELITO,42,1
2089,2022,11,USAQUÃ‰N,10,2
2090,2022,11,USAQUÃ‰N,11,1
2091,2022,11,USAQUÃ‰N,13,2
2092,2022,11,USAQUÃ‰N,14,1
2093,2022,11,USAQUÃ‰N,15,1
2094,2022,11,USAQUÃ‰N,16,2
2095,2022,11,USAQUÃ‰N,9,0
2096,2022,11,USME,56,1
2097,2022,11,USME,57,1
2098,2022,11,USME,58,1
2099,2022,11,USME,61,1
2100,2022,12,ANTONIO NARIÃ‘O,35,1
2101,2022,12,ANTONIO NARIÃ‘O,38,1
2102,2022,12,BARRIOS UNIDOS,103,1
2103,2022,12,BARRIOS UNIDOS,21,1
2104,2022,12,BARRIOS UNIDOS,22,1
2105,2022,12,BARRIOS UNIDOS,98,2
2106,2022,12,BOSA,84,1
2107,2022,12,BOSA,85,0
2108,2022,12,BOSA,86,1
2109,2022,12,BOSA,87,0
2110,2022,12,CANDELARIA,94,1
2111,2022,12,CHAPINERO,88,1
2112,2022,12,CHAPINERO,90,1
2113,2022,12,CHAPINERO,97,2
2114,2022,12,CHAPINERO,99,1
2115,2022,12,KENNEDY,113,2
2116,2022,12,KENNEDY,44,2
2117,2022,12,KENNEDY,45,1
2118,2022,12,KENNEDY,46,1
2119,2022,12,KENNEDY,48,1
2120,2022,12,KENNEDY,79,2
2121,2022,12,KENNEDY,80,1
2122,2022,12,PUENTE ARANDA,108,1
2123,2022,12,PUENTE ARANDA,111,1
2124,2022,12,PUENTE ARANDA,40,1
2125,2022,12,PUENTE ARANDA,41,1
2126,2022,12,RAFAEL URIBE URIBE,39,1
2127,2022,12,RAFAEL URIBE URIBE,53,1
2128,2022,12,RAFAEL URIBE URIBE,54,0
2129,2022,12,SANTA FE,91,2
2130,2022,12,SANTA FE,92,1
2131,2022,12,SANTA FE,93,1
2132,2022,12,SANTA FE,95,0
2133,2022,12,SUBA,17,0
2134,2022,12,SUBA,18,1
2135,2022,12,SUBA,19,1
2136,2022,12,SUBA,2,2
2137,2022,12,SUBA,20,2
2138,2022,12,SUBA,23,1
2139,2022,12,SUBA,24,1
2140,2022,12,SUBA,25,1
2141,2022,12,SUBA,27,1
2142,2022,12,SUBA,28,1
2143,2022,12,SUBA,3,1
2144,2022,12,TEUSAQUILLO,100,1
2145,2022,12,TEUSAQUILLO,101,1
2146,2022,12,TEUSAQUILLO,106,1
2147,2022,12,TEUSAQUILLO,107,2
2148,2022,12,TEUSAQUILLO,109,1
2149,2022,12,TUNJUELITO,42,1
2150,2022,12,USAQUÃ‰N,1,0
2151,2022,12,USAQUÃ‰N,10,2
2152,2022,12,USAQUÃ‰N,11,1
2153,2022,12,USAQUÃ‰N,13,2
2154,2022,12,USAQUÃ‰N,14,2
2155,2022,12,USAQUÃ‰N,15,1
2156,2022,12,USAQUÃ‰N,16,2
2157,2022,12,USAQUÃ‰N,9,1
2158,2022,12,USME,56,1
2159,2022,12,USME,57,1
2160,2022,12,USME,58,1
2161,2022,12,USME,61,1
2162,2023,1,ANTONIO NARIÃ‘O,35,1
2163,2023,1,ANTONIO NARIÃ‘O,38,1
2164,2023,1,BARRIOS UNIDOS,103,1
2165,2023,1,BARRIOS UNIDOS,21,1
2166,2023,1,BARRIOS UNIDOS,22,1
2167,2023,1,BARRIOS UNIDOS,98,1
2168,2023,1,BOSA,84,1
2169,2023,1,BOSA,85,0
2170,2023,1,BOSA,86,1
2171,2023,1,BOSA,87,0
2172,2023,1,CANDELARIA,94,1
2173,2023,1,CHAPINERO,88,1
2174,2023,1,CHAPINERO,90,2
2175,2023,1,CHAPINERO,97,2
2176,2023,1,CHAPINERO,99,1
2177,2023,1,KENNEDY,113,2
2178,2023,1,KENNEDY,44,2
2179,2023,1,KENNEDY,45,1
2180,2023,1,KENNEDY,46,0
2181,2023,1,KENNEDY,48,1
2182,2023,1,KENNEDY,79,2
2183,2023,1,KENNEDY,80,1
2184,2023,1,KENNEDY,81,1
2185,2023,1,PUENTE ARANDA,108,1
2186,2023,1,PUENTE ARANDA,111,1
2187,2023,1,PUENTE ARANDA,40,1
2188,2023,1,PUENTE ARANDA,41,1
2189,2023,1,RAFAEL URIBE URIBE,39,1
2190,2023,1,RAFAEL URIBE URIBE,53,1
2191,2023,1,RAFAEL URIBE URIBE,54,0
2192,2023,1,SANTA FE,91,2
2193,2023,1,SANTA FE,92,1
2194,2023,1,SANTA FE,93,1
2195,2023,1,SANTA FE,95,1
2196,2023,1,SUBA,17,0
2197,2023,1,SUBA,18,1
2198,2023,1,SUBA,19,1
2199,2023,1,SUBA,2,2
2200,2023,1,SUBA,20,2
2201,2023,1,SUBA,23,1
2202,2023,1,SUBA,24,1
2203,2023,1,SUBA,25,2
2204,2023,1,SUBA,27,1
2205,2023,1,SUBA,28,1
2206,2023,1,SUBA,3,1
2207,2023,1,TEUSAQUILLO,100,1
2208,2023,1,TEUSAQUILLO,101,1
2209,2023,1,TEUSAQUILLO,106,1
2210,2023,1,TEUSAQUILLO,107,2
2211,2023,1,TEUSAQUILLO,109,1
2212,2023,1,TUNJUELITO,42,1
2213,2023,1,USAQUÃ‰N,1,1
2214,2023,1,USAQUÃ‰N,10,2
2215,2023,1,USAQUÃ‰N,11,1
2216,2023,1,USAQUÃ‰N,13,2
2217,2023,1,USAQUÃ‰N,14,1
2218,2023,1,USAQUÃ‰N,15,1
2219,2023,1,USAQUÃ‰N,16,2
2220,2023,1,USAQUÃ‰N,9,1
2221,2023,1,USME,56,1
2222,2023,1,USME,57,0
2223,2023,1,USME,58,1
2224,2023,1,USME,61,1
2225,2023,2,ANTONIO NARIÃ‘O,35,1
2226,2023,2,ANTONIO NARIÃ‘O,38,1
2227,2023,2,BARRIOS UNIDOS,103,1
2228,2023,2,BARRIOS UNIDOS,21,1
2229,2023,2,BARRIOS UNIDOS,22,1
2230,2023,2,BARRIOS UNIDOS,98,2
2231,2023,2,BOSA,49,1
2232,2023,2,BOSA,84,1
2233,2023,2,BOSA,85,1
2234,2023,2,BOSA,86,1
2235,2023,2,BOSA,87,0
2236,2023,2,CANDELARIA,94,1
2237,2023,2,CHAPINERO,88,1
2238,2023,2,CHAPINERO,90,2
2239,2023,2,CHAPINERO,97,2
2240,2023,2,CHAPINERO,99,1
2241,2023,2,KENNEDY,113,2
2242,2023,2,KENNEDY,44,1
2243,2023,2,KENNEDY,45,1
2244,2023,2,KENNEDY,46,0
2245,2023,2,KENNEDY,48,1
2246,2023,2,KENNEDY,79,2
2247,2023,2,KENNEDY,80,1
2248,2023,2,KENNEDY,81,1
2249,2023,2,PUENTE ARANDA,108,1
2250,2023,2,PUENTE ARANDA,111,1
2251,2023,2,PUENTE ARANDA,40,1
2252,2023,2,PUENTE ARANDA,41,1
2253,2023,2,RAFAEL URIBE URIBE,39,1
2254,2023,2,RAFAEL URIBE URIBE,53,1
2255,2023,2,RAFAEL URIBE URIBE,54,0
2256,2023,2,SANTA FE,91,1
2257,2023,2,SANTA FE,92,1
2258,2023,2,SANTA FE,93,1
2259,2023,2,SANTA FE,95,1
2260,2023,2,SUBA,17,0
2261,2023,2,SUBA,18,1
2262,2023,2,SUBA,19,1
2263,2023,2,SUBA,2,2
2264,2023,2,SUBA,20,2
2265,2023,2,SUBA,23,1
2266,2023,2,SUBA,24,1
2267,2023,2,SUBA,25,2
2268,2023,2,SUBA,27,1
2269,2023,2,SUBA,28,1
2270,2023,2,SUBA,3,1
2271,2023,2,TEUSAQUILLO,100,1
2272,2023,2,TEUSAQUILLO,101,1
2273,2023,2,TEUSAQUILLO,106,1
2274,2023,2,TEUSAQUILLO,107,2
2275,2023,2,TEUSAQUILLO,109,1
2276,2023,2,TUNJUELITO,42,1
2277,2023,2,USAQUÃ‰N,1,0
2278,2023,2,USAQUÃ‰N,10,0
2279,2023,2,USAQUÃ‰N,11,1
2280,2023,2,USAQUÃ‰N,13,2
2281,2023,2,USAQUÃ‰N,14,2
2282,2023,2,USAQUÃ‰N,15,1
2283,2023,2,USAQUÃ‰N,16,2
2284,2023,2,USAQUÃ‰N,9,1
2285,2023,2,USME,56,0
2286,2023,2,USME,57,1
2287,2023,2,USME,58,1
2288,2023,2,USME,61,1
2289,2023,3,ANTONIO NARIÃ‘O,35,1
2290,2023,3,ANTONIO NARIÃ‘O,38,1
2291,2023,3,BARRIOS UNIDOS,103,1
2292,2023,3,BARRIOS UNIDOS,21,1
2293,2023,3,BARRIOS UNIDOS,22,1
2294,2023,3,BARRIOS UNIDOS,98,1
2295,2023,3,BOSA,49,1
2296,2023,3,BOSA,84,1
2297,2023,3,BOSA,85,1
2298,2023,3,BOSA,87,0
2299,2023,3,CANDELARIA,94,1
2300,2023,3,CHAPINERO,88,1
2301,2023,3,CHAPINERO,90,2
2302,2023,3,CHAPINERO,97,2
2303,2023,3,CHAPINERO,99,1
2304,2023,3,KENNEDY,113,2
2305,2023,3,KENNEDY,44,1
2306,2023,3,KENNEDY,45,1
2307,2023,3,KENNEDY,46,0
2308,2023,3,KENNEDY,48,1
2309,2023,3,KENNEDY,79,2
2310,2023,3,KENNEDY,80,1
2311,2023,3,KENNEDY,81,1
2312,2023,3,PUENTE ARANDA,108,1
2313,2023,3,PUENTE ARANDA,111,1
2314,2023,3,PUENTE ARANDA,40,1
2315,2023,3,PUENTE ARANDA,41,1
2316,2023,3,RAFAEL URIBE URIBE,39,1
2317,2023,3,RAFAEL URIBE URIBE,53,1
2318,2023,3,RAFAEL URIBE URIBE,54,0
2319,2023,3,SANTA FE,91,1
2320,2023,3,SANTA FE,92,1
2321,2023,3,SANTA FE,93,1
2322,2023,3,SANTA FE,95,1
2323,2023,3,SUBA,17,0
2324,2023,3,SUBA,18,1
2325,2023,3,SUBA,19,1
2326,2023,3,SUBA,2,0
2327,2023,3,SUBA,20,2
2328,2023,3,SUBA,23,1
2329,2023,3,SUBA,24,1
2330,2023,3,SUBA,25,2
2331,2023,3,SUBA,27,1
2332,2023,3,SUBA,28,1
2333,2023,3,SUBA,3,1
2334,2023,3,TEUSAQUILLO,100,1
2335,2023,3,TEUSAQUILLO,101,1
2336,2023,3,TEUSAQUILLO,106,1
2337,2023,3,TEUSAQUILLO,107,1
2338,2023,3,TEUSAQUILLO,109,2
2339,2023,3,TUNJUELITO,42,1
2340,2023,3,USAQUÃ‰N,1,1
2341,2023,3,USAQUÃ‰N,10,2
2342,2023,3,USAQUÃ‰N,11,1
2343,2023,3,USAQUÃ‰N,13,2
2344,2023,3,USAQUÃ‰N,14,2
2345,2023,3,USAQUÃ‰N,15,1
2346,2023,3,USAQUÃ‰N,16,2
2347,2023,3,USAQUÃ‰N,9,1
2348,2023,3,USME,56,1
2349,2023,3,USME,57,1
2350,2023,3,USME,58,1
2351,2023,3,USME,61,1
2352,2023,4,ANTONIO NARIÃ‘O,35,1
2353,2023,4,ANTONIO NARIÃ‘O,38,1
2354,2023,4,BARRIOS UNIDOS,103,1
2355,2023,4,BARRIOS UNIDOS,21,1
2356,2023,4,BARRIOS UNIDOS,22,1
2357,2023,4,BARRIOS UNIDOS,98,0
2358,2023,4,BOSA,84,1
2359,2023,4,BOSA,85,1
2360,2023,4,BOSA,86,1
2361,2023,4,BOSA,87,0
2362,2023,4,CANDELARIA,94,1
2363,2023,4,CHAPINERO,88,1
2364,2023,4,CHAPINERO,90,2
2365,2023,4,CHAPINERO,97,2
2366,2023,4,CHAPINERO,99,1
2367,2023,4,KENNEDY,113,2
2368,2023,4,KENNEDY,44,1
2369,2023,4,KENNEDY,45,1
2370,2023,4,KENNEDY,46,0
2371,2023,4,KENNEDY,48,1
2372,2023,4,KENNEDY,79,2
2373,2023,4,KENNEDY,80,1
2374,2023,4,PUENTE ARANDA,108,1
2375,2023,4,PUENTE ARANDA,111,1
2376,2023,4,PUENTE ARANDA,40,1
2377,2023,4,PUENTE ARANDA,41,1
2378,2023,4,RAFAEL URIBE URIBE,39,1
2379,2023,4,RAFAEL URIBE URIBE,53,1
2380,2023,4,RAFAEL URIBE URIBE,54,0
2381,2023,4,SANTA FE,91,1
2382,2023,4,SANTA FE,92,1
2383,2023,4,SANTA FE,93,1
2384,2023,4,SANTA FE,95,1
2385,2023,4,SUBA,17,0
2386,2023,4,SUBA,18,0
2387,2023,4,SUBA,19,1
2388,2023,4,SUBA,2,0
2389,2023,4,SUBA,20,2
2390,2023,4,SUBA,23,1
2391,2023,4,SUBA,24,1
2392,2023,4,SUBA,25,1
2393,2023,4,SUBA,27,1
2394,2023,4,SUBA,28,1
2395,2023,4,SUBA,3,1
2396,2023,4,TEUSAQUILLO,100,1
2397,2023,4,TEUSAQUILLO,101,1
2398,2023,4,TEUSAQUILLO,106,1
2399,2023,4,TEUSAQUILLO,107,2
2400,2023,4,TEUSAQUILLO,109,1
2401,2023,4,TUNJUELITO,42,1
2402,2023,4,USAQUÃ‰N,1,1
2403,2023,4,USAQUÃ‰N,10,2
2404,2023,4,USAQUÃ‰N,11,1
2405,2023,4,USAQUÃ‰N,13,1
2406,2023,4,USAQUÃ‰N,14,2
2407,2023,4,USAQUÃ‰N,15,1
2408,2023,4,USAQUÃ‰N,16,2
2409,2023,4,USAQUÃ‰N,9,1
2410,2023,4,USME,56,1
2411,2023,4,USME,57,1
2412,2023,4,USME,58,1
2413,2023,4,USME,61,0
2414,2023,5,ANTONIO NARIÃ‘O,35,1
2415,2023,5,ANTONIO NARIÃ‘O,38,1
2416,2023,5,BARRIOS UNIDOS,103,1
2417,2023,5,BARRIOS UNIDOS,21,1
2418,2023,5,BARRIOS UNIDOS,22,1
2419,2023,5,BARRIOS UNIDOS,98,1
2420,2023,5,BOSA,84,1
2421,2023,5,BOSA,85,1
2422,2023,5,BOSA,86,1
2423,2023,5,BOSA,87,0
2424,2023,5,CANDELARIA,94,1
2425,2023,5,CHAPINERO,88,1
2426,2023,5,CHAPINERO,90,2
2427,2023,5,CHAPINERO,97,2
2428,2023,5,CHAPINERO,99,1
2429,2023,5,KENNEDY,113,2
2430,2023,5,KENNEDY,44,1
2431,2023,5,KENNEDY,45,1
2432,2023,5,KENNEDY,46,0
2433,2023,5,KENNEDY,48,1
2434,2023,5,KENNEDY,79,2
2435,2023,5,KENNEDY,80,1
2436,2023,5,PUENTE ARANDA,108,1
2437,2023,5,PUENTE ARANDA,111,1
2438,2023,5,PUENTE ARANDA,40,1
2439,2023,5,PUENTE ARANDA,41,1
2440,2023,5,RAFAEL URIBE URIBE,39,1
2441,2023,5,RAFAEL URIBE URIBE,53,1
2442,2023,5,RAFAEL URIBE URIBE,54,0
2443,2023,5,SANTA FE,91,1
2444,2023,5,SANTA FE,92,1
2445,2023,5,SANTA FE,93,1
2446,2023,5,SANTA FE,95,0
2447,2023,5,SUBA,17,0
2448,2023,5,SUBA,18,0
2449,2023,5,SUBA,19,1
2450,2023,5,SUBA,2,2
2451,2023,5,SUBA,20,2
2452,2023,5,SUBA,23,1
2453,2023,5,SUBA,24,1
2454,2023,5,SUBA,25,1
2455,2023,5,SUBA,27,1
2456,2023,5,SUBA,28,1
2457,2023,5,SUBA,3,0
2458,2023,5,TEUSAQUILLO,100,1
2459,2023,5,TEUSAQUILLO,101,2
2460,2023,5,TEUSAQUILLO,106,1
2461,2023,5,TEUSAQUILLO,107,1
2462,2023,5,TEUSAQUILLO,109,1
2463,2023,5,TUNJUELITO,42,1
2464,2023,5,TUNJUELITO,62,1
2465,2023,5,USAQUÃ‰N,1,1
2466,2023,5,USAQUÃ‰N,10,2
2467,2023,5,USAQUÃ‰N,11,1
2468,2023,5,USAQUÃ‰N,12,1
2469,2023,5,USAQUÃ‰N,13,1
2470,2023,5,USAQUÃ‰N,14,2
2471,2023,5,USAQUÃ‰N,15,1
2472,2023,5,USAQUÃ‰N,16,2
2473,2023,5,USAQUÃ‰N,9,1
2474,2023,5,USME,56,0
2475,2023,5,USME,57,1
2476,2023,5,USME,58,1
2477,2023,5,USME,61,1
2478,2023,6,ANTONIO NARIÃ‘O,35,1
2479,2023,6,ANTONIO NARIÃ‘O,38,1
2480,2023,6,BARRIOS UNIDOS,103,1
2481,2023,6,BARRIOS UNIDOS,21,1
2482,2023,6,BARRIOS UNIDOS,22,1
2483,2023,6,BARRIOS UNIDOS,98,1
2484,2023,6,BOSA,84,1
2485,2023,6,BOSA,85,1
2486,2023,6,BOSA,86,1
2487,2023,6,BOSA,87,0
2488,2023,6,CANDELARIA,94,1
2489,2023,6,CHAPINERO,88,1
2490,2023,6,CHAPINERO,90,2
2491,2023,6,CHAPINERO,97,2
2492,2023,6,CHAPINERO,99,1
2493,2023,6,KENNEDY,113,2
2494,2023,6,KENNEDY,44,2
2495,2023,6,KENNEDY,45,1
2496,2023,6,KENNEDY,46,0
2497,2023,6,KENNEDY,48,1
2498,2023,6,KENNEDY,79,2
2499,2023,6,KENNEDY,80,1
2500,2023,6,PUENTE ARANDA,108,1
2501,2023,6,PUENTE ARANDA,111,1
2502,2023,6,PUENTE ARANDA,40,1
2503,2023,6,PUENTE ARANDA,41,1
2504,2023,6,RAFAEL URIBE URIBE,39,1
2505,2023,6,RAFAEL URIBE URIBE,53,1
2506,2023,6,RAFAEL URIBE URIBE,54,0
2507,2023,6,SANTA FE,91,1
2508,2023,6,SANTA FE,92,1
2509,2023,6,SANTA FE,93,1
2510,2023,6,SANTA FE,95,1
2511,2023,6,SUBA,17,0
2512,2023,6,SUBA,18,0
2513,2023,6,SUBA,19,1
2514,2023,6,SUBA,2,2
2515,2023,6,SUBA,20,2
2516,2023,6,SUBA,23,2
2517,2023,6,SUBA,24,1
2518,2023,6,SUBA,25,1
2519,2023,6,SUBA,27,0
2520,2023,6,SUBA,28,1
2521,2023,6,SUBA,3,1
2522,2023,6,TEUSAQUILLO,100,1
2523,2023,6,TEUSAQUILLO,101,2
2524,2023,6,TEUSAQUILLO,106,1
2525,2023,6,TEUSAQUILLO,107,1
2526,2023,6,TEUSAQUILLO,109,1
2527,2023,6,TUNJUELITO,42,1
2528,2023,6,TUNJUELITO,62,1
2529,2023,6,USAQUÃ‰N,1,1
2530,2023,6,USAQUÃ‰N,10,2
2531,2023,6,USAQUÃ‰N,11,1
2532,2023,6,USAQUÃ‰N,12,1
2533,2023,6,USAQUÃ‰N,13,1
2534,2023,6,USAQUÃ‰N,14,2
2535,2023,6,USAQUÃ‰N,15,1
2536,2023,6,USAQUÃ‰N,16,2
2537,2023,6,USAQUÃ‰N,9,1
2538,2023,6,USME,56,1
2539,2023,6,USME,57,1
2540,2023,6,USME,58,1
2541,2023,6,USME,61,1
2542,2023,7,ANTONIO NARIÃ‘O,35,1
2543,2023,7,ANTONIO NARIÃ‘O,38,1
2544,2023,7,BARRIOS UNIDOS,103,1
2545,2023,7,BARRIOS UNIDOS,21,1
2546,2023,7,BARRIOS UNIDOS,22,1
2547,2023,7,BARRIOS UNIDOS,98,0
2548,2023,7,BOSA,84,1
2549,2023,7,BOSA,85,1
2550,2023,7,BOSA,86,1
2551,2023,7,BOSA,87,0
2552,2023,7,CANDELARIA,94,1
2553,2023,7,CHAPINERO,88,1
2554,2023,7,CHAPINERO,90,2
2555,2023,7,CHAPINERO,97,2
2556,2023,7,CHAPINERO,99,1
2557,2023,7,KENNEDY,113,2
2558,2023,7,KENNEDY,44,2
2559,2023,7,KENNEDY,45,1
2560,2023,7,KENNEDY,46,1
2561,2023,7,KENNEDY,48,1
2562,2023,7,KENNEDY,79,2
2563,2023,7,KENNEDY,80,1
2564,2023,7,PUENTE ARANDA,108,1
2565,2023,7,PUENTE ARANDA,111,1
2566,2023,7,PUENTE ARANDA,40,1
2567,2023,7,PUENTE ARANDA,41,1
2568,2023,7,RAFAEL URIBE URIBE,39,1
2569,2023,7,RAFAEL URIBE URIBE,53,1
2570,2023,7,RAFAEL URIBE URIBE,54,0
2571,2023,7,SANTA FE,91,1
2572,2023,7,SANTA FE,92,1
2573,2023,7,SANTA FE,93,1
2574,2023,7,SANTA FE,95,1
2575,2023,7,SUBA,17,0
2576,2023,7,SUBA,18,0
2577,2023,7,SUBA,19,1
2578,2023,7,SUBA,2,0
2579,2023,7,SUBA,20,2
2580,2023,7,SUBA,23,2
2581,2023,7,SUBA,24,1
2582,2023,7,SUBA,25,1
2583,2023,7,SUBA,27,1
2584,2023,7,SUBA,28,1
2585,2023,7,SUBA,3,1
2586,2023,7,TEUSAQUILLO,100,1
2587,2023,7,TEUSAQUILLO,101,2
2588,2023,7,TEUSAQUILLO,106,1
2589,2023,7,TEUSAQUILLO,107,1
2590,2023,7,TEUSAQUILLO,109,1
2591,2023,7,TUNJUELITO,42,1
2592,2023,7,TUNJUELITO,62,1
2593,2023,7,USAQUÃ‰N,1,1
2594,2023,7,USAQUÃ‰N,10,2
2595,2023,7,USAQUÃ‰N,11,1
2596,2023,7,USAQUÃ‰N,12,1
2597,2023,7,USAQUÃ‰N,13,1
2598,2023,7,USAQUÃ‰N,14,2
2599,2023,7,USAQUÃ‰N,15,1
2600,2023,7,USAQUÃ‰N,16,2
2601,2023,7,USAQUÃ‰N,9,1
2602,2023,7,USME,56,1
2603,2023,7,USME,57,1
2604,2023,7,USME,58,1
2605,2023,7,USME,61,1
2606,2023,8,ANTONIO NARIÃ‘O,35,1
2607,2023,8,ANTONIO NARIÃ‘O,38,1
2608,2023,8,BARRIOS UNIDOS,103,1
2609,2023,8,BARRIOS UNIDOS,21,1
2610,2023,8,BARRIOS UNIDOS,22,1
2611,2023,8,BARRIOS UNIDOS,98,1
2612,2023,8,BOSA,84,1
2613,2023,8,BOSA,85,1
2614,2023,8,BOSA,86,1
2615,2023,8,BOSA,87,0
2616,2023,8,CANDELARIA,94,1
2617,2023,8,CHAPINERO,88,1
2618,2023,8,CHAPINERO,90,2
2619,2023,8,CHAPINERO,97,2
2620,2023,8,CHAPINERO,99,1
2621,2023,8,KENNEDY,113,2
2622,2023,8,KENNEDY,44,2
2623,2023,8,KENNEDY,45,1
2624,2023,8,KENNEDY,46,1
2625,2023,8,KENNEDY,48,1
2626,2023,8,KENNEDY,79,2
2627,2023,8,KENNEDY,80,1
2628,2023,8,PUENTE ARANDA,108,1
2629,2023,8,PUENTE ARANDA,111,1
2630,2023,8,PUENTE ARANDA,40,1
2631,2023,8,PUENTE ARANDA,41,1
2632,2023,8,RAFAEL URIBE URIBE,39,1
2633,2023,8,RAFAEL URIBE URIBE,53,1
2634,2023,8,RAFAEL URIBE URIBE,54,0
2635,2023,8,SANTA FE,91,1
2636,2023,8,SANTA FE,92,1
2637,2023,8,SANTA FE,93,1
2638,2023,8,SANTA FE,95,1
2639,2023,8,SUBA,17,0
2640,2023,8,SUBA,18,0
2641,2023,8,SUBA,19,1
2642,2023,8,SUBA,2,0
2643,2023,8,SUBA,20,2
2644,2023,8,SUBA,23,2
2645,2023,8,SUBA,24,1
2646,2023,8,SUBA,25,1
2647,2023,8,SUBA,27,1
2648,2023,8,SUBA,28,1
2649,2023,8,SUBA,3,1
2650,2023,8,TEUSAQUILLO,100,1
2651,2023,8,TEUSAQUILLO,101,2
2652,2023,8,TEUSAQUILLO,106,1
2653,2023,8,TEUSAQUILLO,107,1
2654,2023,8,TEUSAQUILLO,109,1
2655,2023,8,TUNJUELITO,42,1
2656,2023,8,TUNJUELITO,62,1
2657,2023,8,USAQUÃ‰N,1,1
2658,2023,8,USAQUÃ‰N,10,2
2659,2023,8,USAQUÃ‰N,11,1
2660,2023,8,USAQUÃ‰N,12,1
2661,2023,8,USAQUÃ‰N,13,1
2662,2023,8,USAQUÃ‰N,14,2
2663,2023,8,USAQUÃ‰N,15,1
2664,2023,8,USAQUÃ‰N,16,2
2665,2023,8,USAQUÃ‰N,9,1
2666,2023,8,USME,56,1
2667,2023,8,USME,57,0
2668,2023,8,USME,58,1
2669,2023,8,USME,61,1
2670,2023,9,ANTONIO NARIÃ‘O,35,1
2671,2023,9,ANTONIO NARIÃ‘O,38,1
2672,2023,9,BARRIOS UNIDOS,103,1
2673,2023,9,BARRIOS UNIDOS,21,1
2674,2023,9,BARRIOS UNIDOS,22,1
2675,2023,9,BARRIOS UNIDOS,98,2
2676,2023,9,BOSA,84,1
2677,2023,9,BOSA,85,1
2678,2023,9,BOSA,86,1
2679,2023,9,BOSA,87,0
2680,2023,9,CANDELARIA,94,1
2681,2023,9,CHAPINERO,88,1
2682,2023,9,CHAPINERO,90,2
2683,2023,9,CHAPINERO,97,2
2684,2023,9,CHAPINERO,99,1
2685,2023,9,KENNEDY,113,2
2686,2023,9,KENNEDY,44,2
2687,2023,9,KENNEDY,45,1
2688,2023,9,KENNEDY,46,1
2689,2023,9,KENNEDY,48,1
2690,2023,9,KENNEDY,79,2
2691,2023,9,KENNEDY,80,1
2692,2023,9,PUENTE ARANDA,108,1
2693,2023,9,PUENTE ARANDA,111,1
2694,2023,9,PUENTE ARANDA,40,1
2695,2023,9,PUENTE ARANDA,41,1
2696,2023,9,RAFAEL URIBE URIBE,39,1
2697,2023,9,RAFAEL URIBE URIBE,53,1
2698,2023,9,RAFAEL URIBE URIBE,54,1
2699,2023,9,SANTA FE,91,1
2700,2023,9,SANTA FE,93,1
2701,2023,9,SANTA FE,95,1
2702,2023,9,SUBA,17,0
2703,2023,9,SUBA,18,0
2704,2023,9,SUBA,19,1
2705,2023,9,SUBA,2,2
2706,2023,9,SUBA,20,1
2707,2023,9,SUBA,23,2
2708,2023,9,SUBA,24,1
2709,2023,9,SUBA,25,1
2710,2023,9,SUBA,27,1
2711,2023,9,SUBA,28,1
2712,2023,9,SUBA,3,1
2713,2023,9,TEUSAQUILLO,100,1
2714,2023,9,TEUSAQUILLO,101,2
2715,2023,9,TEUSAQUILLO,106,1
2716,2023,9,TEUSAQUILLO,107,1
2717,2023,9,TEUSAQUILLO,109,1
2718,2023,9,TUNJUELITO,42,1
2719,2023,9,TUNJUELITO,62,1
2720,2023,9,USAQUÃ‰N,1,1
2721,2023,9,USAQUÃ‰N,10,2
2722,2023,9,USAQUÃ‰N,11,1
2723,2023,9,USAQUÃ‰N,12,1
2724,2023,9,USAQUÃ‰N,13,1
2725,2023,9,USAQUÃ‰N,14,2
2726,2023,9,USAQUÃ‰N,15,1
2727,2023,9,USAQUÃ‰N,16,2
2728,2023,9,USAQUÃ‰N,9,1
2729,2023,9,USME,56,1
2730,2023,9,USME,57,0
2731,2023,9,USME,58,1
2732,2023,9,USME,61,1
2733,2023,10,ANTONIO NARIÃ‘O,35,1
2734,2023,10,ANTONIO NARIÃ‘O,38,1
2735,2023,10,BARRIOS UNIDOS,103,1
2736,2023,10,BARRIOS UNIDOS,21,1
2737,2023,10,BARRIOS UNIDOS,22,1
2738,2023,10,BARRIOS UNIDOS,98,1
2739,2023,10,BOSA,84,1
2740,2023,10,BOSA,85,0
2741,2023,10,BOSA,86,1
2742,2023,10,BOSA,87,0
2743,2023,10,CANDELARIA,94,1
2744,2023,10,CHAPINERO,88,1
2745,2023,10,CHAPINERO,90,2
2746,2023,10,CHAPINERO,97,2
2747,2023,10,CHAPINERO,99,1
2748,2023,10,KENNEDY,113,2
2749,2023,10,KENNEDY,44,2
2750,2023,10,KENNEDY,45,1
2751,2023,10,KENNEDY,46,1
2752,2023,10,KENNEDY,48,1
2753,2023,10,KENNEDY,79,0
2754,2023,10,KENNEDY,80,1
2755,2023,10,PUENTE ARANDA,108,1
2756,2023,10,PUENTE ARANDA,111,1
2757,2023,10,PUENTE ARANDA,40,1
2758,2023,10,PUENTE ARANDA,41,1
2759,2023,10,RAFAEL URIBE URIBE,39,1
2760,2023,10,RAFAEL URIBE URIBE,53,1
2761,2023,10,RAFAEL URIBE URIBE,54,1
2762,2023,10,SANTA FE,91,1
2763,2023,10,SANTA FE,93,1
2764,2023,10,SANTA FE,95,0
2765,2023,10,SUBA,17,0
2766,2023,10,SUBA,18,0
2767,2023,10,SUBA,19,1
2768,2023,10,SUBA,2,0
2769,2023,10,SUBA,20,1
2770,2023,10,SUBA,23,2
2771,2023,10,SUBA,24,1
2772,2023,10,SUBA,25,1
2773,2023,10,SUBA,27,1
2774,2023,10,SUBA,28,1
2775,2023,10,SUBA,3,0
2776,2023,10,TEUSAQUILLO,100,1
2777,2023,10,TEUSAQUILLO,101,2
2778,2023,10,TEUSAQUILLO,106,1
2779,2023,10,TEUSAQUILLO,107,1
2780,2023,10,TEUSAQUILLO,109,1
2781,2023,10,TUNJUELITO,42,1
2782,2023,10,TUNJUELITO,62,1
2783,2023,10,USAQUÃ‰N,1,2
2784,2023,10,USAQUÃ‰N,10,2
2785,2023,10,USAQUÃ‰N,11,1
2786,2023,10,USAQUÃ‰N,12,1
2787,2023,10,USAQUÃ‰N,13,2
2788,2023,10,USAQUÃ‰N,14,2
2789,2023,10,USAQUÃ‰N,15,1
2790,2023,10,USAQUÃ‰N,16,2
2791,2023,10,USAQUÃ‰N,9,1
2792,2023,10,USME,56,0
2793,2023,10,USME,57,1
2794,2023,10,USME,58,1
2795,2023,10,USME,61,1
2796,2023,11,ANTONIO NARIÃ‘O,35,1
2797,2023,11,ANTONIO NARIÃ‘O,38,1
2798,2023,11,BARRIOS UNIDOS,103,1
2799,2023,11,BARRIOS UNIDOS,21,1
2800,2023,11,BARRIOS UNIDOS,22,1
2801,2023,11,BARRIOS UNIDOS,98,2
2802,2023,11,BOSA,84,1
2803,2023,11,BOSA,85,1
2804,2023,11,BOSA,86,1
2805,2023,11,BOSA,87,0
2806,2023,11,CANDELARIA,94,1
2807,2023,11,CHAPINERO,88,1
2808,2023,11,CHAPINERO,90,1
2809,2023,11,CHAPINERO,97,2
2810,2023,11,CHAPINERO,99,1
2811,2023,11,KENNEDY,113,2
2812,2023,11,KENNEDY,44,2
2813,2023,11,KENNEDY,45,1
2814,2023,11,KENNEDY,46,1
2815,2023,11,KENNEDY,48,1
2816,2023,11,KENNEDY,79,1
2817,2023,11,KENNEDY,80,1
2818,2023,11,KENNEDY,81,1
2819,2023,11,PUENTE ARANDA,108,1
2820,2023,11,PUENTE ARANDA,111,1
2821,2023,11,PUENTE ARANDA,40,1
2822,2023,11,PUENTE ARANDA,41,1
2823,2023,11,RAFAEL URIBE URIBE,39,1
2824,2023,11,RAFAEL URIBE URIBE,53,1
2825,2023,11,RAFAEL URIBE URIBE,54,1
2826,2023,11,SANTA FE,91,1
2827,2023,11,SANTA FE,93,1
2828,2023,11,SANTA FE,95,1
2829,2023,11,SUBA,17,0
2830,2023,11,SUBA,18,0
2831,2023,11,SUBA,19,1
2832,2023,11,SUBA,2,0
2833,2023,11,SUBA,20,1
2834,2023,11,SUBA,23,2
2835,2023,11,SUBA,24,1
2836,2023,11,SUBA,25,1
2837,2023,11,SUBA,27,1
2838,2023,11,SUBA,28,1
2839,2023,11,SUBA,3,0
2840,2023,11,TEUSAQUILLO,100,1
2841,2023,11,TEUSAQUILLO,101,2
2842,2023,11,TEUSAQUILLO,106,1
2843,2023,11,TEUSAQUILLO,107,1
2844,2023,11,TEUSAQUILLO,109,1
2845,2023,11,TUNJUELITO,42,1
2846,2023,11,TUNJUELITO,62,1
2847,2023,11,USAQUÃ‰N,1,1
2848,2023,11,USAQUÃ‰N,10,2
2849,2023,11,USAQUÃ‰N,11,1
2850,2023,11,USAQUÃ‰N,12,1
2851,2023,11,USAQUÃ‰N,13,2
2852,2023,11,USAQUÃ‰N,14,1
2853,2023,11,USAQUÃ‰N,15,1
2854,2023,11,USAQUÃ‰N,16,2
2855,2023,11,USAQUÃ‰N,9,0
2856,2023,11,USME,56,0
2857,2023,11,USME,57,1
2858,2023,11,USME,58,1
2859,2023,11,USME,61,1
